condition,distance,run,k,alpha,freeze,events,detected,trigger_snr,peak_ratio,noise_floor
baseline,10mm,1,2.0,0.01,2.0,1,1,2.008,256.3288,2.218052e-05
baseline,10mm,2,2.0,0.01,2.0,1,1,2.003,290.3065,0.0002354532
baseline,10mm,3,2.0,0.01,2.0,1,1,2.01,1155.704,0.0002213866
baseline,30mm,1,2.0,0.01,2.0,1,1,2.005,33.0552,0.0001642997
baseline,30mm,2,2.0,0.01,2.0,0,0,0.0,1.7018,0.0002049652
baseline,30mm,3,2.0,0.01,2.0,1,1,2.0,1030.8095,0.0002189019
baseline,50mm,1,2.0,0.01,2.0,1,1,2.014,251.3314,9.832622e-05
baseline,50mm,2,2.0,0.01,2.0,1,1,2.015,83.7529,4.884314e-05
baseline,50mm,3,2.0,0.01,2.0,1,1,2.014,251.3126,9.82854e-05
baseline,10mm,1,2.0,0.003,2.0,1,1,2.01,416.7124,4.550608e-05
baseline,10mm,2,2.0,0.003,2.0,1,1,2.014,351.6192,0.0001871863
baseline,10mm,3,2.0,0.003,2.0,1,1,2.042,635.649,0.0001993935
baseline,30mm,1,2.0,0.003,2.0,1,1,2.002,398.0109,0.0001265139
baseline,30mm,2,2.0,0.003,2.0,3,1,2.001,540.029,6.765596e-05
baseline,30mm,3,2.0,0.003,2.0,1,1,2.029,625.6343,0.0001786711
baseline,50mm,1,2.0,0.003,2.0,1,1,2.005,560.0489,8.373034e-05
baseline,50mm,2,2.0,0.003,2.0,1,1,2.039,116.7712,9.231315e-05
baseline,50mm,3,2.0,0.003,2.0,1,1,2.006,560.0736,8.370557e-05
baseline,10mm,1,2.0,0.001,2.0,1,1,2.006,579.9126,8.584209e-05
baseline,10mm,2,2.0,0.001,2.0,1,1,2.007,375.2342,0.0001408169
baseline,10mm,3,2.0,0.001,2.0,1,1,2.019,490.6417,0.0001542923
baseline,30mm,1,2.0,0.001,2.0,1,1,2.004,603.4459,0.0001063139
baseline,30mm,2,2.0,0.001,2.0,3,1,2.005,391.0488,9.343126e-05
baseline,30mm,3,2.0,0.001,2.0,1,1,2.015,452.5748,0.0001406656
baseline,50mm,1,2.0,0.001,2.0,1,1,2.026,394.6527,0.0001148825
baseline,50mm,2,2.0,0.001,2.0,1,1,2.028,158.1954,0.0001340711
baseline,50mm,3,2.0,0.001,2.0,1,1,2.026,394.6792,0.0001148661
baseline,10mm,1,2.0,0.0003,2.0,1,1,2.001,631.9028,0.0001006581
baseline,10mm,2,2.0,0.0003,2.0,1,1,2.009,424.4809,0.0001288003
baseline,10mm,3,2.0,0.0003,2.0,1,1,2.003,486.8534,0.0001345992
baseline,30mm,1,2.0,0.0003,2.0,2,1,2.01,721.0734,0.0001120899
baseline,30mm,2,2.0,0.0003,2.0,2,1,2.004,285.7939,0.0001415872
baseline,30mm,3,2.0,0.0003,2.0,1,1,2.016,422.7502,0.0001309421
baseline,50mm,1,2.0,0.0003,2.0,1,1,2.018,346.9692,0.0001358011
baseline,50mm,2,2.0,0.0003,2.0,1,1,2.002,181.7053,0.0001452521
baseline,50mm,3,2.0,0.0003,2.0,1,1,2.018,346.9991,0.0001357957
baseline,10mm,1,2.0,0.0001,2.0,2,1,2.01,638.832,0.0001015375
baseline,10mm,2,2.0,0.0001,2.0,4,1,2.151,519.3387,0.0001054941
baseline,10mm,3,2.0,0.0001,2.0,3,1,2.002,560.8224,0.0001151889
baseline,30mm,1,2.0,0.0001,2.0,2,1,2.003,764.5552,0.0001218536
baseline,30mm,2,2.0,0.0001,2.0,1,1,2.003,249.0058,0.000148088
baseline,30mm,3,2.0,0.0001,2.0,2,1,2.0,419.2278,0.0001355486
baseline,50mm,1,2.0,0.0001,2.0,1,1,2.044,335.9646,0.0001444754
baseline,50mm,2,2.0,0.0001,2.0,1,1,2.002,184.2225,0.0001487155
baseline,50mm,3,2.0,0.0001,2.0,1,1,2.044,336.0199,0.000144476
baseline,10mm,1,2.0,3e-05,2.0,1,1,2.007,559.5052,0.0001111945
baseline,10mm,2,2.0,3e-05,2.0,4,1,3.519,849.6301,6.807027e-05
baseline,10mm,3,2.0,3e-05,2.0,4,1,2.6,824.7712,8.462098e-05
baseline,30mm,1,2.0,3e-05,2.0,3,1,2.001,914.8378,0.0001124686
baseline,30mm,2,2.0,3e-05,2.0,1,1,2.005,220.7955,0.0001546586
baseline,30mm,3,2.0,3e-05,2.0,4,1,2.919,688.9376,9.193133e-05
baseline,50mm,1,2.0,3e-05,2.0,1,1,2.016,269.1047,0.0001650773
baseline,50mm,2,2.0,3e-05,2.0,4,1,2.002,319.0199,8.812494e-05
baseline,50mm,3,2.0,3e-05,2.0,1,1,2.022,269.87,0.0001648792
baseline,10mm,1,2.0,1e-05,2.0,1,1,2.017,436.7787,0.0001444741
baseline,10mm,2,2.0,1e-05,2.0,4,1,5.84,1410.1392,4.101336e-05
baseline,10mm,3,2.0,1e-05,2.0,4,1,3.754,1191.0569,5.859749e-05
baseline,30mm,1,2.0,1e-05,2.0,4,1,2.018,944.2093,0.0001081498
baseline,30mm,2,2.0,1e-05,2.0,1,1,2.004,192.6784,0.0001772148
baseline,30mm,3,2.0,1e-05,2.0,4,1,4.418,1042.7868,6.073624e-05
baseline,50mm,1,2.0,1e-05,2.0,1,1,2.003,189.8896,0.0002397921
baseline,50mm,2,2.0,1e-05,2.0,4,1,2.001,500.5506,5.613271e-05
baseline,50mm,3,2.0,1e-05,2.0,1,1,2.015,191.0466,0.0002386039
baseline,10mm,1,3.0,0.01,3.0,0,0,0.0,2.4293,2.218052e-05
baseline,10mm,2,3.0,0.01,3.0,0,0,0.0,2.1047,0.0002354532
baseline,10mm,3,3.0,0.01,3.0,1,1,3.022,940.8178,0.0002213866
baseline,30mm,1,3.0,0.01,3.0,0,0,0.0,2.1978,0.0001642997
baseline,30mm,2,3.0,0.01,3.0,0,0,0.0,1.7018,0.0002049652
baseline,30mm,3,3.0,0.01,3.0,0,0,0.0,2.6208,0.0002189019
baseline,50mm,1,3.0,0.01,3.0,0,0,0.0,2.4852,9.832622e-05
baseline,50mm,2,3.0,0.01,3.0,0,0,0.0,2.834,4.884314e-05
baseline,50mm,3,3.0,0.01,3.0,0,0,0.0,2.4851,9.82854e-05
baseline,10mm,1,3.0,0.003,3.0,1,1,3.031,360.3396,4.550608e-05
baseline,10mm,2,3.0,0.003,3.0,1,1,3.011,277.0813,0.0001871863
baseline,10mm,3,3.0,0.003,3.0,1,1,3.029,605.5125,0.0001993935
baseline,30mm,1,3.0,0.003,3.0,0,0,0.0,2.8882,0.0001265139
baseline,30mm,2,3.0,0.003,3.0,0,0,0.0,2.4828,0.0001553822
baseline,30mm,3,3.0,0.003,3.0,1,1,3.013,545.9637,0.0001786711
baseline,50mm,1,3.0,0.003,3.0,1,1,3.007,392.4176,8.373034e-05
baseline,50mm,2,3.0,0.003,3.0,1,1,3.04,110.2289,9.231315e-05
baseline,50mm,3,3.0,0.003,3.0,1,1,3.008,392.4119,8.370557e-05
baseline,10mm,1,3.0,0.001,3.0,1,1,3.011,551.1958,8.584209e-05
baseline,10mm,2,3.0,0.001,3.0,1,1,3.003,356.3385,0.0001408169
baseline,10mm,3,3.0,0.001,3.0,1,1,3.001,482.8922,0.0001542923
baseline,30mm,1,3.0,0.001,3.0,1,1,3.01,540.3675,0.0001063139
baseline,30mm,2,3.0,0.001,3.0,1,1,3.001,264.6042,0.0001377237
baseline,30mm,3,3.0,0.001,3.0,1,1,3.023,433.3738,0.0001406656
baseline,50mm,1,3.0,0.001,3.0,1,1,3.009,383.925,0.0001148825
baseline,50mm,2,3.0,0.001,3.0,1,1,3.012,155.1145,0.0001340711
baseline,50mm,3,3.0,0.001,3.0,1,1,3.01,383.9488,0.0001148661
baseline,10mm,1,3.0,0.0003,3.0,1,1,3.042,621.1301,0.0001006582
baseline,10mm,2,3.0,0.0003,3.0,1,1,3.002,418.7415,0.0001288004
baseline,10mm,3,3.0,0.0003,3.0,1,1,3.011,484.5438,0.0001345992
baseline,30mm,1,3.0,0.0003,3.0,1,1,3.018,701.6486,0.0001095591
baseline,30mm,2,3.0,0.0003,3.0,1,1,3.001,265.9002,0.0001444855
baseline,30mm,3,3.0,0.0003,3.0,1,1,3.033,417.4806,0.0001309422
baseline,50mm,1,3.0,0.0003,3.0,1,1,3.002,344.2465,0.0001358012
baseline,50mm,2,3.0,0.0003,3.0,1,1,3.059,175.2122,0.0001452522
baseline,50mm,3,3.0,0.0003,3.0,1,1,3.003,344.2754,0.0001357957
baseline,10mm,1,3.0,0.0001,3.0,1,1,3.02,635.2746,0.0001038563
baseline,10mm,2,3.0,0.0001,3.0,1,1,3.03,450.72,0.0001252752
baseline,10mm,3,3.0,0.0001,3.0,1,1,3.003,500.4041,0.0001275168
baseline,30mm,1,3.0,0.0001,3.0,1,1,3.003,757.8841,0.0001163251
baseline,30mm,2,3.0,0.0001,3.0,1,1,3.001,243.2515,0.0001481773
baseline,30mm,3,3.0,0.0001,3.0,1,1,3.02,410.2038,0.0001295461
baseline,50mm,1,3.0,0.0001,3.0,1,1,3.044,335.0612,0.0001444881
baseline,50mm,2,3.0,0.0001,3.0,1,1,3.068,181.8227,0.0001487469
baseline,50mm,3,3.0,0.0001,3.0,1,1,3.045,335.116,0.0001444887
baseline,10mm,1,3.0,3e-05,3.0,1,1,3.004,558.7694,0.0001112316
baseline,10mm,2,3.0,3e-05,3.0,4,1,3.519,849.6301,7.060888e-05
baseline,10mm,3,3.0,3e-05,3.0,2,1,3.0,802.7632,0.0001100555
baseline,30mm,1,3.0,3e-05,3.0,1,1,3.019,819.1558,0.000121087
baseline,30mm,2,3.0,3e-05,3.0,1,1,3.003,219.1633,0.0001551353
baseline,30mm,3,3.0,3e-05,3.0,1,1,3.017,477.4929,0.0001292429
baseline,50mm,1,3.0,3e-05,3.0,1,1,3.036,268.8513,0.000165146
baseline,50mm,2,3.0,3e-05,3.0,1,1,3.081,213.6604,0.000143259
baseline,50mm,3,3.0,3e-05,3.0,1,1,3.044,269.6146,0.0001649479
baseline,10mm,1,3.0,1e-05,3.0,1,1,3.023,436.6205,0.00014451
baseline,10mm,2,3.0,1e-05,3.0,4,1,5.84,1410.1392,4.101336e-05
baseline,10mm,3,3.0,1e-05,3.0,4,1,3.754,1191.0569,5.859749e-05
baseline,30mm,1,3.0,1e-05,3.0,1,1,3.02,889.6796,0.0001165315
baseline,30mm,2,3.0,1e-05,3.0,1,1,3.003,192.1192,0.0001777103
baseline,30mm,3,3.0,1e-05,3.0,4,1,4.418,1042.7868,6.073624e-05
baseline,50mm,1,3.0,1e-05,3.0,1,1,3.047,189.82,0.0002398793
baseline,50mm,2,3.0,1e-05,3.0,4,1,3.001,499.195,5.63039e-05
baseline,50mm,3,3.0,1e-05,3.0,1,1,3.015,190.9797,0.0002386866
baseline,10mm,1,4.0,0.01,4.0,0,0,0.0,2.4293,2.218052e-05
baseline,10mm,2,4.0,0.01,4.0,0,0,0.0,2.1047,0.0002354532
baseline,10mm,3,4.0,0.01,4.0,1,1,4.007,478.2908,0.0002213866
baseline,30mm,1,4.0,0.01,4.0,0,0,0.0,2.1978,0.0001642997
baseline,30mm,2,4.0,0.01,4.0,0,0,0.0,1.7018,0.0002049652
baseline,30mm,3,4.0,0.01,4.0,0,0,0.0,2.6208,0.0002189019
baseline,50mm,1,4.0,0.01,4.0,0,0,0.0,2.4852,9.832622e-05
baseline,50mm,2,4.0,0.01,4.0,0,0,0.0,2.834,4.884314e-05
baseline,50mm,3,4.0,0.01,4.0,0,0,0.0,2.4851,9.82854e-05
baseline,10mm,1,4.0,0.003,4.0,1,1,4.023,287.2305,4.550608e-05
baseline,10mm,2,4.0,0.003,4.0,0,0,0.0,3.5848,0.0001871863
baseline,10mm,3,4.0,0.003,4.0,1,1,4.005,562.4701,0.0001993935
baseline,30mm,1,4.0,0.003,4.0,0,0,0.0,2.8882,0.0001265139
baseline,30mm,2,4.0,0.003,4.0,0,0,0.0,2.4828,0.0001553822
baseline,30mm,3,4.0,0.003,4.0,0,0,0.0,3.962,0.0001786711
baseline,50mm,1,4.0,0.003,4.0,1,1,4.014,322.0935,8.373034e-05
baseline,50mm,2,4.0,0.003,4.0,1,1,4.001,100.8079,9.231315e-05
baseline,50mm,3,4.0,0.003,4.0,1,1,4.014,322.0872,8.370557e-05
baseline,10mm,1,4.0,0.001,4.0,1,1,4.038,524.6597,8.584209e-05
baseline,10mm,2,4.0,0.001,4.0,1,1,4.014,328.2208,0.0001408169
baseline,10mm,3,4.0,0.001,4.0,1,1,4.073,471.1282,0.0001542923
baseline,30mm,1,4.0,0.001,4.0,1,1,4.001,447.7293,0.0001063139
baseline,30mm,2,4.0,0.001,4.0,0,0,0.0,3.4112,0.0001377237
baseline,30mm,3,4.0,0.001,4.0,1,1,4.031,401.8302,0.0001406656
baseline,50mm,1,4.0,0.001,4.0,1,1,4.018,368.0238,0.0001148825
baseline,50mm,2,4.0,0.001,4.0,1,1,4.047,151.7278,0.0001340711
baseline,50mm,3,4.0,0.001,4.0,1,1,4.019,368.0439,0.0001148661
baseline,10mm,1,4.0,0.0003,4.0,1,1,4.027,612.8923,0.0001006582
baseline,10mm,2,4.0,0.0003,4.0,1,1,4.033,410.7065,0.0001288006
baseline,10mm,3,4.0,0.0003,4.0,1,1,4.032,481.3511,0.0001345993
baseline,30mm,1,4.0,0.0003,4.0,1,1,4.001,677.5062,0.0001095592
baseline,30mm,2,4.0,0.0003,4.0,1,1,4.0,111.9204,0.0001444897
baseline,30mm,3,4.0,0.0003,4.0,1,1,4.023,409.7104,0.0001309423
baseline,50mm,1,4.0,0.0003,4.0,1,1,4.033,339.9107,0.0001358012
baseline,50mm,2,4.0,0.0003,4.0,1,1,4.046,174.1778,0.0001452523
baseline,50mm,3,4.0,0.0003,4.0,1,1,4.033,339.9386,0.0001357958
baseline,10mm,1,4.0,0.0001,4.0,1,1,4.014,632.4754,0.0001038687
baseline,10mm,2,4.0,0.0001,4.0,1,1,4.009,448.1523,0.0001253073
baseline,10mm,3,4.0,0.0001,4.0,1,1,4.052,499.3013,0.0001275315
baseline,30mm,1,4.0,0.0001,4.0,1,1,4.011,749.6853,0.0001163564
baseline,30mm,2,4.0,0.0001,4.0,1,1,4.001,230.548,0.0001484183
baseline,30mm,3,4.0,0.0001,4.0,1,1,4.004,407.7636,0.0001295825
baseline,50mm,1,4.0,0.0001,4.0,1,1,4.025,333.7241,0.0001445076
baseline,50mm,2,4.0,0.0001,4.0,1,1,4.068,181.4625,0.0001487554
baseline,50mm,3,4.0,0.0001,4.0,1,1,4.025,333.7784,0.0001445082
baseline,10mm,1,4.0,3e-05,4.0,1,1,4.002,558.0741,0.0001112769
baseline,10mm,2,4.0,3e-05,4.0,1,1,4.006,537.8155,0.0001157019
baseline,10mm,3,4.0,3e-05,4.0,1,1,4.124,579.1711,0.0001211143
baseline,30mm,1,4.0,3e-05,4.0,1,1,4.024,816.5877,0.0001211968
baseline,30mm,2,4.0,3e-05,4.0,1,1,4.001,215.091,0.0001564163
baseline,30mm,3,4.0,3e-05,4.0,1,1,4.034,476.7075,0.0001293409
baseline,50mm,1,4.0,3e-05,4.0,1,1,4.028,268.5121,0.0001652359
baseline,50mm,2,4.0,3e-05,4.0,1,1,4.001,213.535,0.000143277
baseline,50mm,3,4.0,3e-05,4.0,1,1,4.04,269.2731,0.0001650378
baseline,10mm,1,4.0,1e-05,4.0,1,1,4.01,436.4485,0.0001445521
baseline,10mm,2,4.0,1e-05,4.0,4,1,5.84,1410.1392,4.101336e-05
baseline,10mm,3,4.0,1e-05,4.0,2,1,4.003,1173.4133,7.848591e-05
baseline,30mm,1,4.0,1e-05,4.0,1,1,4.008,888.7938,0.0001165954
baseline,30mm,2,4.0,1e-05,4.0,1,1,4.006,187.1654,0.0001814016
baseline,30mm,3,4.0,1e-05,4.0,2,1,4.418,1042.7868,8.272138e-05
baseline,50mm,1,4.0,1e-05,4.0,1,1,4.024,189.7293,0.0002399839
baseline,50mm,2,4.0,1e-05,4.0,4,1,4.002,496.7552,5.668136e-05
baseline,50mm,3,4.0,1e-05,4.0,1,1,4.0,190.8895,0.0002387893
baseline,10mm,1,6.0,0.01,6.0,0,0,0.0,2.4293,2.218052e-05
baseline,10mm,2,6.0,0.01,6.0,0,0,0.0,2.1047,0.0002354532
baseline,10mm,3,6.0,0.01,6.0,0,0,0.0,4.0285,0.0002213866
baseline,30mm,1,6.0,0.01,6.0,0,0,0.0,2.1978,0.0001642997
baseline,30mm,2,6.0,0.01,6.0,0,0,0.0,1.7018,0.0002049652
baseline,30mm,3,6.0,0.01,6.0,0,0,0.0,2.6208,0.0002189019
baseline,50mm,1,6.0,0.01,6.0,0,0,0.0,2.4852,9.832622e-05
baseline,50mm,2,6.0,0.01,6.0,0,0,0.0,2.834,4.884314e-05
baseline,50mm,3,6.0,0.01,6.0,0,0,0.0,2.4851,9.82854e-05
baseline,10mm,1,6.0,0.003,6.0,0,0,0.0,4.8828,4.550608e-05
baseline,10mm,2,6.0,0.003,6.0,0,0,0.0,3.5848,0.0001871863
baseline,10mm,3,6.0,0.003,6.0,1,1,6.065,420.6624,0.0001993935
baseline,30mm,1,6.0,0.003,6.0,0,0,0.0,2.8882,0.0001265139
baseline,30mm,2,6.0,0.003,6.0,0,0,0.0,2.4828,0.0001553822
baseline,30mm,3,6.0,0.003,6.0,0,0,0.0,3.962,0.0001786711
baseline,50mm,1,6.0,0.003,6.0,0,0,0.0,4.8031,8.373034e-05
baseline,50mm,2,6.0,0.003,6.0,0,0,0.0,5.0556,9.231315e-05
baseline,50mm,3,6.0,0.003,6.0,0,0,0.0,4.8034,8.370557e-05
baseline,10mm,1,6.0,0.001,6.0,1,1,6.019,465.8321,8.584209e-05
baseline,10mm,2,6.0,0.001,6.0,1,1,6.004,231.8047,0.0001408169
baseline,10mm,3,6.0,0.001,6.0,1,1,6.049,442.1103,0.0001542923
baseline,30mm,1,6.0,0.001,6.0,0,0,0.0,4.6451,0.0001063139
baseline,30mm,2,6.0,0.001,6.0,0,0,0.0,3.4112,0.0001377237
baseline,30mm,3,6.0,0.001,6.0,0,0,0.0,5.6835,0.0001406656
baseline,50mm,1,6.0,0.001,6.0,1,1,6.012,324.3538,0.0001148825
baseline,50mm,2,6.0,0.001,6.0,1,1,6.102,142.3074,0.0001340711
baseline,50mm,3,6.0,0.001,6.0,1,1,6.013,324.3668,0.0001148661
baseline,10mm,1,6.0,0.0003,6.0,1,1,6.07,595.0319,0.0001006584
baseline,10mm,2,6.0,0.0003,6.0,1,1,6.039,389.6133,0.000128801
baseline,10mm,3,6.0,0.0003,6.0,1,1,6.134,472.8234,0.0001345994
baseline,30mm,1,6.0,0.0003,6.0,1,1,6.02,614.3458,0.0001095594
baseline,30mm,2,6.0,0.0003,6.0,0,0,0.0,5.7609,0.000144487
baseline,30mm,3,6.0,0.0003,6.0,1,1,6.027,384.2819,0.0001309426
baseline,50mm,1,6.0,0.0003,6.0,1,1,6.019,329.6386,0.0001358014
baseline,50mm,2,6.0,0.0003,6.0,1,1,6.082,171.5151,0.0001452524
baseline,50mm,3,6.0,0.0003,6.0,1,1,6.02,329.6639,0.000135796
baseline,10mm,1,6.0,0.0001,6.0,1,1,6.066,626.5428,0.0001039
baseline,10mm,2,6.0,0.0001,6.0,1,1,6.036,441.2813,0.0001253905
baseline,10mm,3,6.0,0.0001,6.0,1,1,6.101,496.5396,0.0001275653
baseline,30mm,1,6.0,0.0001,6.0,1,1,6.005,730.1469,0.0001164386
baseline,30mm,2,6.0,0.0001,6.0,1,1,6.006,164.0162,0.0001501829
baseline,30mm,3,6.0,0.0001,6.0,1,1,6.008,400.1995,0.0001296881
baseline,50mm,1,6.0,0.0001,6.0,1,1,6.034,330.4596,0.0001445572
baseline,50mm,2,6.0,0.0001,6.0,1,1,6.032,180.6085,0.0001487783
baseline,50mm,3,6.0,0.0001,6.0,1,1,6.035,330.5124,0.0001445578
baseline,10mm,1,6.0,3e-05,6.0,1,1,6.08,556.4962,0.0001113919
baseline,10mm,2,6.0,3e-05,6.0,1,1,6.015,535.5958,0.0001158861
baseline,10mm,3,6.0,3e-05,6.0,1,1,6.174,578.2624,0.0001211979
baseline,30mm,1,6.0,3e-05,6.0,1,1,6.033,810.5021,0.000121479
baseline,30mm,2,6.0,3e-05,6.0,1,1,6.002,196.0927,0.000161788
baseline,30mm,3,6.0,3e-05,6.0,1,1,6.006,474.4916,0.0001295954
baseline,50mm,1,6.0,3e-05,6.0,1,1,6.003,267.6119,0.0001654728
baseline,50mm,2,6.0,3e-05,6.0,1,1,6.08,213.2355,0.0001433299
baseline,50mm,3,6.0,3e-05,6.0,1,1,6.021,268.367,0.0001652747
baseline,10mm,1,6.0,1e-05,6.0,1,1,6.011,436.0384,0.0001446561
baseline,10mm,2,6.0,1e-05,6.0,2,1,6.001,1228.8424,6.728536e-05
baseline,10mm,3,6.0,1e-05,6.0,1,1,6.186,840.3477,9.336092e-05
baseline,30mm,1,6.0,1e-05,6.0,1,1,6.028,886.62,0.0001167683
baseline,30mm,2,6.0,1e-05,6.0,1,1,6.0,186.0659,0.0001822005
baseline,30mm,3,6.0,1e-05,6.0,1,1,6.06,716.0992,9.980715e-05
baseline,50mm,1,6.0,1e-05,6.0,1,1,6.056,189.4302,0.0002403143
baseline,50mm,2,6.0,1e-05,6.0,1,1,6.13,327.1435,0.0001040553
baseline,50mm,3,6.0,1e-05,6.0,1,1,6.028,190.5901,0.0002391159
baseline,10mm,1,8.0,0.01,8.0,0,0,0.0,2.4293,2.218052e-05
baseline,10mm,2,8.0,0.01,8.0,0,0,0.0,2.1047,0.0002354532
baseline,10mm,3,8.0,0.01,8.0,0,0,0.0,4.0285,0.0002213866
baseline,30mm,1,8.0,0.01,8.0,0,0,0.0,2.1978,0.0001642997
baseline,30mm,2,8.0,0.01,8.0,0,0,0.0,1.7018,0.0002049652
baseline,30mm,3,8.0,0.01,8.0,0,0,0.0,2.6208,0.0002189019
baseline,50mm,1,8.0,0.01,8.0,0,0,0.0,2.4852,9.832622e-05
baseline,50mm,2,8.0,0.01,8.0,0,0,0.0,2.834,4.884314e-05
baseline,50mm,3,8.0,0.01,8.0,0,0,0.0,2.4851,9.82854e-05
baseline,10mm,1,8.0,0.003,8.0,0,0,0.0,4.8828,4.550608e-05
baseline,10mm,2,8.0,0.003,8.0,0,0,0.0,3.5848,0.0001871863
baseline,10mm,3,8.0,0.003,8.0,0,0,0.0,7.1539,0.0001993935
baseline,30mm,1,8.0,0.003,8.0,0,0,0.0,2.8882,0.0001265139
baseline,30mm,2,8.0,0.003,8.0,0,0,0.0,2.4828,0.0001553822
baseline,30mm,3,8.0,0.003,8.0,0,0,0.0,3.962,0.0001786711
baseline,50mm,1,8.0,0.003,8.0,0,0,0.0,4.8031,8.373034e-05
baseline,50mm,2,8.0,0.003,8.0,0,0,0.0,5.0556,9.231315e-05
baseline,50mm,3,8.0,0.003,8.0,0,0,0.0,4.8034,8.370557e-05
baseline,10mm,1,8.0,0.001,8.0,1,1,8.018,384.3105,8.584209e-05
baseline,10mm,2,8.0,0.001,8.0,0,0,0.0,6.8161,0.0001408169
baseline,10mm,3,8.0,0.001,8.0,1,1,8.006,404.3713,0.0001542923
baseline,30mm,1,8.0,0.001,8.0,0,0,0.0,4.6451,0.0001063139
baseline,30mm,2,8.0,0.001,8.0,0,0,0.0,3.4112,0.0001377237
baseline,30mm,3,8.0,0.001,8.0,0,0,0.0,5.6835,0.0001406656
baseline,50mm,1,8.0,0.001,8.0,1,1,8.008,225.2774,0.0001148825
baseline,50mm,2,8.0,0.001,8.0,1,1,8.036,122.8049,0.0001340711
baseline,50mm,3,8.0,0.001,8.0,1,1,8.009,225.2725,0.0001148661
baseline,10mm,1,8.0,0.0003,8.0,1,1,8.055,575.0914,0.0001006586
baseline,10mm,2,8.0,0.0003,8.0,1,1,8.015,361.9129,0.0001288016
baseline,10mm,3,8.0,0.0003,8.0,1,1,8.15,462.672,0.0001345996
baseline,30mm,1,8.0,0.0003,8.0,1,1,8.005,503.6985,0.0001095599
baseline,30mm,2,8.0,0.0003,8.0,0,0,0.0,5.7609,0.000144487
baseline,30mm,3,8.0,0.0003,8.0,1,1,8.012,335.7144,0.0001309434
baseline,50mm,1,8.0,0.0003,8.0,1,1,8.039,312.1496,0.0001358017
baseline,50mm,2,8.0,0.0003,8.0,1,1,8.056,167.8483,0.0001452526
baseline,50mm,3,8.0,0.0003,8.0,1,1,8.041,312.1696,0.0001357963
baseline,10mm,1,8.0,0.0001,8.0,1,1,8.014,620.2389,0.0001039369
baseline,10mm,2,8.0,0.0001,8.0,1,1,8.035,432.6558,0.0001254952
baseline,10mm,3,8.0,0.0001,8.0,1,1,8.076,493.2905,0.0001276032
baseline,30mm,1,8.0,0.0001,8.0,1,1,8.02,705.2303,0.000116554
baseline,30mm,2,8.0,0.0001,8.0,1,1,8.002,143.93,0.0001511844
baseline,30mm,3,8.0,0.0001,8.0,1,1,8.023,388.1077,0.0001298563
baseline,50mm,1,8.0,0.0001,8.0,1,1,8.063,325.2992,0.000144639
baseline,50mm,2,8.0,0.0001,8.0,1,1,8.067,179.429,0.0001488125
baseline,50mm,3,8.0,0.0001,8.0,1,1,8.065,325.3495,0.0001446396
baseline,10mm,1,8.0,3e-05,8.0,1,1,8.022,554.8064,0.0001115228
baseline,10mm,2,8.0,3e-05,8.0,1,1,8.029,532.8244,0.0001161122
baseline,10mm,3,8.0,3e-05,8.0,1,1,8.107,577.2197,0.0001212891
baseline,30mm,1,8.0,3e-05,8.0,1,1,8.006,803.4137,0.0001218258
baseline,30mm,2,8.0,3e-05,8.0,1,1,8.004,191.5619,0.0001633567
baseline,30mm,3,8.0,3e-05,8.0,1,1,8.023,471.1768,0.0001299602
baseline,50mm,1,8.0,3e-05,8.0,1,1,8.062,266.1854,0.0001658497
baseline,50mm,2,8.0,3e-05,8.0,1,1,8.222,212.8508,0.0001434054
baseline,50mm,3,8.0,3e-05,8.0,1,1,8.002,266.9876,0.0001656369
baseline,10mm,1,8.0,1e-05,8.0,1,1,8.015,435.5473,0.0001447834
baseline,10mm,2,8.0,1e-05,8.0,1,1,8.023,855.669,8.199886e-05
baseline,10mm,3,8.0,1e-05,8.0,1,1,8.208,839.89,9.339718e-05
baseline,30mm,1,8.0,1e-05,8.0,1,1,8.039,884.1286,0.0001169774
baseline,30mm,2,8.0,1e-05,8.0,1,1,8.007,184.6441,0.0001833041
baseline,30mm,3,8.0,1e-05,8.0,1,1,8.021,714.9842,9.99128e-05
baseline,50mm,1,8.0,1e-05,8.0,1,1,8.011,189.1133,0.0002406565
baseline,50mm,2,8.0,1e-05,8.0,1,1,8.146,326.9873,0.0001040754
baseline,50mm,3,8.0,1e-05,8.0,1,1,8.061,190.2594,0.0002394685
baseline,10mm,1,10.0,0.01,10.0,0,0,0.0,2.4293,2.218052e-05
baseline,10mm,2,10.0,0.01,10.0,0,0,0.0,2.1047,0.0002354532
baseline,10mm,3,10.0,0.01,10.0,0,0,0.0,4.0285,0.0002213866
baseline,30mm,1,10.0,0.01,10.0,0,0,0.0,2.1978,0.0001642997
baseline,30mm,2,10.0,0.01,10.0,0,0,0.0,1.7018,0.0002049652
baseline,30mm,3,10.0,0.01,10.0,0,0,0.0,2.6208,0.0002189019
baseline,50mm,1,10.0,0.01,10.0,0,0,0.0,2.4852,9.832622e-05
baseline,50mm,2,10.0,0.01,10.0,0,0,0.0,2.834,4.884314e-05
baseline,50mm,3,10.0,0.01,10.0,0,0,0.0,2.4851,9.82854e-05
baseline,10mm,1,10.0,0.003,10.0,0,0,0.0,4.8828,4.550608e-05
baseline,10mm,2,10.0,0.003,10.0,0,0,0.0,3.5848,0.0001871863
baseline,10mm,3,10.0,0.003,10.0,0,0,0.0,7.1539,0.0001993935
baseline,30mm,1,10.0,0.003,10.0,0,0,0.0,2.8882,0.0001265139
baseline,30mm,2,10.0,0.003,10.0,0,0,0.0,2.4828,0.0001553822
baseline,30mm,3,10.0,0.003,10.0,0,0,0.0,3.962,0.0001786711
baseline,50mm,1,10.0,0.003,10.0,0,0,0.0,4.8031,8.373034e-05
baseline,50mm,2,10.0,0.003,10.0,0,0,0.0,5.0556,9.231315e-05
baseline,50mm,3,10.0,0.003,10.0,0,0,0.0,4.8034,8.370557e-05
baseline,10mm,1,10.0,0.001,10.0,1,1,10.008,257.042,8.584209e-05
baseline,10mm,2,10.0,0.001,10.0,0,0,0.0,6.8161,0.0001408169
baseline,10mm,3,10.0,0.001,10.0,1,1,10.081,350.2375,0.0001542923
baseline,30mm,1,10.0,0.001,10.0,0,0,0.0,4.6451,0.0001063139
baseline,30mm,2,10.0,0.001,10.0,0,0,0.0,3.4112,0.0001377237
baseline,30mm,3,10.0,0.001,10.0,0,0,0.0,5.6835,0.0001406656
baseline,50mm,1,10.0,0.001,10.0,0,0,0.0,9.7148,0.0001148825
baseline,50mm,2,10.0,0.001,10.0,0,0,0.0,9.1853,0.0001340711
baseline,50mm,3,10.0,0.001,10.0,0,0,0.0,9.7151,0.0001148661
baseline,10mm,1,10.0,0.0003,10.0,1,1,10.017,552.2115,0.0001006588
baseline,10mm,2,10.0,0.0003,10.0,1,1,10.028,326.4377,0.0001288025
baseline,10mm,3,10.0,0.0003,10.0,1,1,10.171,450.5417,0.0001345998
baseline,30mm,1,10.0,0.0003,10.0,0,0,0.0,8.8859,0.000109562
baseline,30mm,2,10.0,0.0003,10.0,0,0,0.0,5.7609,0.000144487
baseline,30mm,3,10.0,0.0003,10.0,0,0,0.0,9.6203,0.0001309427
baseline,50mm,1,10.0,0.0003,10.0,1,1,10.061,291.9763,0.0001358022
baseline,50mm,2,10.0,0.0003,10.0,1,1,10.015,161.9123,0.0001452528
baseline,50mm,3,10.0,0.0003,10.0,1,1,10.063,291.9904,0.0001357968
baseline,10mm,1,10.0,0.0001,10.0,1,1,10.027,612.9058,0.0001039826
baseline,10mm,2,10.0,0.0001,10.0,1,1,10.049,422.4064,0.0001256231
baseline,10mm,3,10.0,0.0001,10.0,1,1,10.13,489.3692,0.0001276483
baseline,30mm,1,10.0,0.0001,10.0,1,1,10.026,670.4149,0.0001167337
baseline,30mm,2,10.0,0.0001,10.0,1,1,10.001,15.9872,0.0002650269
baseline,30mm,3,10.0,0.0001,10.0,1,1,10.013,370.7745,0.0001301098
baseline,50mm,1,10.0,0.0001,10.0,1,1,10.092,319.1359,0.0001447412
baseline,50mm,2,10.0,0.0001,10.0,1,1,10.039,177.7157,0.0001488646
baseline,50mm,3,10.0,0.0001,10.0,1,1,10.095,319.1831,0.0001447419
baseline,10mm,1,10.0,3e-05,10.0,1,1,10.028,552.8286,0.0001116812
baseline,10mm,2,10.0,3e-05,10.0,1,1,10.008,529.6536,0.00011637
baseline,10mm,3,10.0,3e-05,10.0,1,1,10.146,575.9758,0.0001213951
baseline,30mm,1,10.0,3e-05,10.0,1,1,10.026,794.407,0.0001222849
baseline,30mm,2,10.0,3e-05,10.0,1,1,10.004,185.3553,0.0001657055
baseline,30mm,3,10.0,3e-05,10.0,1,1,10.006,466.677,0.0001304494
baseline,50mm,1,10.0,3e-05,10.0,1,1,10.095,264.7812,0.0001662242
baseline,50mm,2,10.0,3e-05,10.0,1,1,10.193,212.3851,0.0001435015
baseline,50mm,3,10.0,3e-05,10.0,1,1,10.028,265.5907,0.0001660071
baseline,10mm,1,10.0,1e-05,10.0,1,1,10.094,434.9576,0.000144938
baseline,10mm,2,10.0,1e-05,10.0,1,1,10.017,854.31,8.207795e-05
baseline,10mm,3,10.0,1e-05,10.0,1,1,10.034,839.4214,9.343343e-05
baseline,30mm,1,10.0,1e-05,10.0,1,1,10.021,881.2343,0.0001172278
baseline,30mm,2,10.0,1e-05,10.0,1,1,10.005,182.7612,0.0001848257
baseline,30mm,3,10.0,1e-05,10.0,1,1,10.069,713.4981,0.0001000507
baseline,50mm,1,10.0,1e-05,10.0,1,1,10.056,188.7687,0.0002410257
baseline,50mm,2,10.0,1e-05,10.0,1,1,10.261,326.8036,0.0001041019
baseline,50mm,3,10.0,1e-05,10.0,1,1,10.013,189.9275,0.0002398197
baseline,10mm,1,12.0,0.01,12.0,0,0,0.0,2.4293,2.218052e-05
baseline,10mm,2,12.0,0.01,12.0,0,0,0.0,2.1047,0.0002354532
baseline,10mm,3,12.0,0.01,12.0,0,0,0.0,4.0285,0.0002213866
baseline,30mm,1,12.0,0.01,12.0,0,0,0.0,2.1978,0.0001642997
baseline,30mm,2,12.0,0.01,12.0,0,0,0.0,1.7018,0.0002049652
baseline,30mm,3,12.0,0.01,12.0,0,0,0.0,2.6208,0.0002189019
baseline,50mm,1,12.0,0.01,12.0,0,0,0.0,2.4852,9.832622e-05
baseline,50mm,2,12.0,0.01,12.0,0,0,0.0,2.834,4.884314e-05
baseline,50mm,3,12.0,0.01,12.0,0,0,0.0,2.4851,9.82854e-05
baseline,10mm,1,12.0,0.003,12.0,0,0,0.0,4.8828,4.550608e-05
baseline,10mm,2,12.0,0.003,12.0,0,0,0.0,3.5848,0.0001871863
baseline,10mm,3,12.0,0.003,12.0,0,0,0.0,7.1539,0.0001993935
baseline,30mm,1,12.0,0.003,12.0,0,0,0.0,2.8882,0.0001265139
baseline,30mm,2,12.0,0.003,12.0,0,0,0.0,2.4828,0.0001553822
baseline,30mm,3,12.0,0.003,12.0,0,0,0.0,3.962,0.0001786711
baseline,50mm,1,12.0,0.003,12.0,0,0,0.0,4.8031,8.373034e-05
baseline,50mm,2,12.0,0.003,12.0,0,0,0.0,5.0556,9.231315e-05
baseline,50mm,3,12.0,0.003,12.0,0,0,0.0,4.8034,8.370557e-05
baseline,10mm,1,12.0,0.001,12.0,0,0,0.0,10.4896,8.584209e-05
baseline,10mm,2,12.0,0.001,12.0,0,0,0.0,6.8161,0.0001408169
baseline,10mm,3,12.0,0.001,12.0,1,1,12.007,275.1456,0.0001542923
baseline,30mm,1,12.0,0.001,12.0,0,0,0.0,4.6451,0.0001063139
baseline,30mm,2,12.0,0.001,12.0,0,0,0.0,3.4112,0.0001377237
baseline,30mm,3,12.0,0.001,12.0,0,0,0.0,5.6835,0.0001406656
baseline,50mm,1,12.0,0.001,12.0,0,0,0.0,9.7148,0.0001148825
baseline,50mm,2,12.0,0.001,12.0,0,0,0.0,9.1853,0.0001340711
baseline,50mm,3,12.0,0.001,12.0,0,0,0.0,9.7151,0.0001148661
baseline,10mm,1,12.0,0.0003,12.0,1,1,12.024,524.901,0.0001006591
baseline,10mm,2,12.0,0.0003,12.0,1,1,12.021,282.5778,0.000128804
baseline,10mm,3,12.0,0.0003,12.0,1,1,12.104,437.2027,0.0001346001
baseline,30mm,1,12.0,0.0003,12.0,0,0,0.0,8.8859,0.000109562
baseline,30mm,2,12.0,0.0003,12.0,0,0,0.0,5.7609,0.000144487
baseline,30mm,3,12.0,0.0003,12.0,0,0,0.0,9.6203,0.0001309427
baseline,50mm,1,12.0,0.0003,12.0,1,1,12.001,270.0958,0.0001358028
baseline,50mm,2,12.0,0.0003,12.0,1,1,12.006,153.9142,0.0001452533
baseline,50mm,3,12.0,0.0003,12.0,1,1,12.002,270.1057,0.0001357973
baseline,10mm,1,12.0,0.0001,12.0,1,1,12.102,604.4086,0.0001040381
baseline,10mm,2,12.0,0.0001,12.0,1,1,12.004,411.1829,0.000125769
baseline,10mm,3,12.0,0.0001,12.0,1,1,12.148,484.9811,0.0001276987
baseline,30mm,1,12.0,0.0001,12.0,1,1,12.023,619.3249,0.0001170398
baseline,30mm,2,12.0,0.0001,12.0,1,1,12.004,13.8144,0.0002867847
baseline,30mm,3,12.0,0.0001,12.0,1,1,12.004,347.0453,0.0001304925
baseline,50mm,1,12.0,0.0001,12.0,1,1,12.055,313.1214,0.0001448457
baseline,50mm,2,12.0,0.0001,12.0,1,1,12.116,175.2456,0.0001489431
baseline,50mm,3,12.0,0.0001,12.0,1,1,12.058,313.166,0.0001448463
baseline,10mm,1,12.0,3e-05,12.0,1,1,12.12,550.5162,0.0001118707
baseline,10mm,2,12.0,3e-05,12.0,1,1,12.029,526.027,0.0001166659
baseline,10mm,3,12.0,3e-05,12.0,1,1,12.159,574.5934,0.0001215114
baseline,30mm,1,12.0,3e-05,12.0,1,1,12.013,783.0303,0.0001228878
baseline,30mm,2,12.0,3e-05,12.0,1,1,12.001,173.1264,0.0001709338
baseline,30mm,3,12.0,3e-05,12.0,1,1,12.029,460.8375,0.000131087
baseline,50mm,1,12.0,3e-05,12.0,1,1,12.041,263.2779,0.0001666297
baseline,50mm,2,12.0,3e-05,12.0,1,1,12.152,211.7432,0.0001436382
baseline,50mm,3,12.0,3e-05,12.0,1,1,12.075,264.0066,0.0001664319
baseline,10mm,1,12.0,1e-05,12.0,1,1,12.021,434.3509,0.0001450985
baseline,10mm,2,12.0,1e-05,12.0,1,1,12.015,852.7823,8.216723e-05
baseline,10mm,3,12.0,1e-05,12.0,1,1,12.093,838.8401,9.347774e-05
baseline,30mm,1,12.0,1e-05,12.0,1,1,12.043,877.6276,0.000117547
baseline,30mm,2,12.0,1e-05,12.0,1,1,12.008,179.6545,0.0001874346
baseline,30mm,3,12.0,1e-05,12.0,1,1,12.039,711.7136,0.0001002146
baseline,50mm,1,12.0,1e-05,12.0,1,1,12.094,188.4293,0.0002413883
baseline,50mm,2,12.0,1e-05,12.0,1,1,12.269,326.6059,0.0001041323
baseline,50mm,3,12.0,1e-05,12.0,1,1,12.048,189.5876,0.0002401783
baseline,10mm,1,16.0,0.01,16.0,0,0,0.0,2.4293,2.218052e-05
baseline,10mm,2,16.0,0.01,16.0,0,0,0.0,2.1047,0.0002354532
baseline,10mm,3,16.0,0.01,16.0,0,0,0.0,4.0285,0.0002213866
baseline,30mm,1,16.0,0.01,16.0,0,0,0.0,2.1978,0.0001642997
baseline,30mm,2,16.0,0.01,16.0,0,0,0.0,1.7018,0.0002049652
baseline,30mm,3,16.0,0.01,16.0,0,0,0.0,2.6208,0.0002189019
baseline,50mm,1,16.0,0.01,16.0,0,0,0.0,2.4852,9.832622e-05
baseline,50mm,2,16.0,0.01,16.0,0,0,0.0,2.834,4.884314e-05
baseline,50mm,3,16.0,0.01,16.0,0,0,0.0,2.4851,9.82854e-05
baseline,10mm,1,16.0,0.003,16.0,0,0,0.0,4.8828,4.550608e-05
baseline,10mm,2,16.0,0.003,16.0,0,0,0.0,3.5848,0.0001871863
baseline,10mm,3,16.0,0.003,16.0,0,0,0.0,7.1539,0.0001993935
baseline,30mm,1,16.0,0.003,16.0,0,0,0.0,2.8882,0.0001265139
baseline,30mm,2,16.0,0.003,16.0,0,0,0.0,2.4828,0.0001553822
baseline,30mm,3,16.0,0.003,16.0,0,0,0.0,3.962,0.0001786711
baseline,50mm,1,16.0,0.003,16.0,0,0,0.0,4.8031,8.373034e-05
baseline,50mm,2,16.0,0.003,16.0,0,0,0.0,5.0556,9.231315e-05
baseline,50mm,3,16.0,0.003,16.0,0,0,0.0,4.8034,8.370557e-05
baseline,10mm,1,16.0,0.001,16.0,0,0,0.0,10.4896,8.584209e-05
baseline,10mm,2,16.0,0.001,16.0,0,0,0.0,6.8161,0.0001408169
baseline,10mm,3,16.0,0.001,16.0,0,0,0.0,12.5278,0.0001542923
baseline,30mm,1,16.0,0.001,16.0,0,0,0.0,4.6451,0.0001063139
baseline,30mm,2,16.0,0.001,16.0,0,0,0.0,3.4112,0.0001377237
baseline,30mm,3,16.0,0.001,16.0,0,0,0.0,5.6835,0.0001406656
baseline,50mm,1,16.0,0.001,16.0,0,0,0.0,9.7148,0.0001148825
baseline,50mm,2,16.0,0.001,16.0,0,0,0.0,9.1853,0.0001340711
baseline,50mm,3,16.0,0.001,16.0,0,0,0.0,9.7151,0.0001148661
baseline,10mm,1,16.0,0.0003,16.0,1,1,16.058,460.0251,0.00010066
baseline,10mm,2,16.0,0.0003,16.0,0,0,0.0,15.1601,0.0001288023
baseline,10mm,3,16.0,0.0003,16.0,1,1,16.051,404.4882,0.0001346007
baseline,30mm,1,16.0,0.0003,16.0,0,0,0.0,8.8859,0.000109562
baseline,30mm,2,16.0,0.0003,16.0,0,0,0.0,5.7609,0.000144487
baseline,30mm,3,16.0,0.0003,16.0,0,0,0.0,9.6203,0.0001309427
baseline,50mm,1,16.0,0.0003,16.0,1,1,16.06,225.0125,0.0001358043
baseline,50mm,2,16.0,0.0003,16.0,1,1,16.004,95.5293,0.0001452592
baseline,50mm,3,16.0,0.0003,16.0,1,1,16.06,225.0184,0.0001357989
baseline,10mm,1,16.0,0.0001,16.0,1,1,16.019,585.934,0.0001041673
baseline,10mm,2,16.0,0.0001,16.0,1,1,16.038,384.3941,0.0001261482
baseline,10mm,3,16.0,0.0001,16.0,1,1,16.156,475.0133,0.0001278147
baseline,30mm,1,16.0,0.0001,16.0,0,0,0.0,14.341,0.0001873346
baseline,30mm,2,16.0,0.0001,16.0,0,0,0.0,12.0504,0.000175777
baseline,30mm,3,16.0,0.0001,16.0,0,0,0.0,14.7034,0.0001676386
baseline,50mm,1,16.0,0.0001,16.0,1,1,16.134,299.6872,0.0001450965
baseline,50mm,2,16.0,0.0001,16.0,1,1,16.064,169.1523,0.0001491506
baseline,50mm,3,16.0,0.0001,16.0,1,1,16.136,299.7271,0.0001450972
baseline,10mm,1,16.0,3e-05,16.0,1,1,16.05,545.6224,0.0001122827
baseline,10mm,2,16.0,3e-05,16.0,1,1,16.027,517.9343,0.0001173347
baseline,10mm,3,16.0,3e-05,16.0,1,1,16.133,571.4769,0.0001217711
baseline,30mm,1,16.0,3e-05,16.0,1,1,16.012,752.5597,0.0001246148
baseline,30mm,2,16.0,3e-05,16.0,1,1,16.001,105.0442,0.0002225305
baseline,30mm,3,16.0,3e-05,16.0,1,1,16.025,445.6033,0.0001327993
baseline,50mm,1,16.0,3e-05,16.0,1,1,16.051,260.3477,0.0001674348
baseline,50mm,2,16.0,3e-05,16.0,1,1,16.169,210.0134,0.0001440194
baseline,50mm,3,16.0,3e-05,16.0,1,1,16.095,261.0596,0.000167237
baseline,10mm,1,16.0,1e-05,16.0,1,1,16.067,433.0123,0.0001454559
baseline,10mm,2,16.0,1e-05,16.0,1,1,16.048,849.266,8.237391e-05
baseline,10mm,3,16.0,1e-05,16.0,1,1,16.208,837.5404,9.357549e-05
baseline,30mm,1,16.0,1e-05,16.0,1,1,16.027,867.969,0.0001184265
baseline,30mm,2,16.0,1e-05,16.0,1,1,16.019,153.2703,0.000213019
baseline,30mm,3,16.0,1e-05,16.0,1,1,16.012,706.9192,0.0001006523
baseline,50mm,1,16.0,1e-05,16.0,1,1,16.144,187.673,0.0002421971
baseline,50mm,2,16.0,1e-05,16.0,1,1,16.29,326.0911,0.000104216
baseline,50mm,3,16.0,1e-05,16.0,1,1,16.091,188.8293,0.000240979
baseline,10mm,1,20.0,0.01,20.0,0,0,0.0,2.4293,2.218052e-05
baseline,10mm,2,20.0,0.01,20.0,0,0,0.0,2.1047,0.0002354532
baseline,10mm,3,20.0,0.01,20.0,0,0,0.0,4.0285,0.0002213866
baseline,30mm,1,20.0,0.01,20.0,0,0,0.0,2.1978,0.0001642997
baseline,30mm,2,20.0,0.01,20.0,0,0,0.0,1.7018,0.0002049652
baseline,30mm,3,20.0,0.01,20.0,0,0,0.0,2.6208,0.0002189019
baseline,50mm,1,20.0,0.01,20.0,0,0,0.0,2.4852,9.832622e-05
baseline,50mm,2,20.0,0.01,20.0,0,0,0.0,2.834,4.884314e-05
baseline,50mm,3,20.0,0.01,20.0,0,0,0.0,2.4851,9.82854e-05
baseline,10mm,1,20.0,0.003,20.0,0,0,0.0,4.8828,4.550608e-05
baseline,10mm,2,20.0,0.003,20.0,0,0,0.0,3.5848,0.0001871863
baseline,10mm,3,20.0,0.003,20.0,0,0,0.0,7.1539,0.0001993935
baseline,30mm,1,20.0,0.003,20.0,0,0,0.0,2.8882,0.0001265139
baseline,30mm,2,20.0,0.003,20.0,0,0,0.0,2.4828,0.0001553822
baseline,30mm,3,20.0,0.003,20.0,0,0,0.0,3.962,0.0001786711
baseline,50mm,1,20.0,0.003,20.0,0,0,0.0,4.8031,8.373034e-05
baseline,50mm,2,20.0,0.003,20.0,0,0,0.0,5.0556,9.231315e-05
baseline,50mm,3,20.0,0.003,20.0,0,0,0.0,4.8034,8.370557e-05
baseline,10mm,1,20.0,0.001,20.0,0,0,0.0,10.4896,8.584209e-05
baseline,10mm,2,20.0,0.001,20.0,0,0,0.0,6.8161,0.0001408169
baseline,10mm,3,20.0,0.001,20.0,0,0,0.0,12.5278,0.0001542923
baseline,30mm,1,20.0,0.001,20.0,0,0,0.0,4.6451,0.0001063139
baseline,30mm,2,20.0,0.001,20.0,0,0,0.0,3.4112,0.0001377237
baseline,30mm,3,20.0,0.001,20.0,0,0,0.0,5.6835,0.0001406656
baseline,50mm,1,20.0,0.001,20.0,0,0,0.0,9.7148,0.0001148825
baseline,50mm,2,20.0,0.001,20.0,0,0,0.0,9.1853,0.0001340711
baseline,50mm,3,20.0,0.001,20.0,0,0,0.0,9.7151,0.0001148661
baseline,10mm,1,20.0,0.0003,20.0,1,1,20.03,382.5484,0.0001006616
baseline,10mm,2,20.0,0.0003,20.0,0,0,0.0,15.1601,0.0001288023
baseline,10mm,3,20.0,0.0003,20.0,1,1,20.068,355.8455,0.0001346019
baseline,30mm,1,20.0,0.0003,20.0,0,0,0.0,8.8859,0.000109562
baseline,30mm,2,20.0,0.0003,20.0,0,0,0.0,5.7609,0.000144487
baseline,30mm,3,20.0,0.0003,20.0,0,0,0.0,9.6203,0.0001309427
baseline,50mm,1,20.0,0.0003,20.0,0,0,0.0,18.9106,0.0001358018
baseline,50mm,2,20.0,0.0003,20.0,0,0,0.0,18.5812,0.0001452524
baseline,50mm,3,20.0,0.0003,20.0,0,0,0.0,18.9123,0.0001357964
baseline,10mm,1,20.0,0.0001,20.0,1,1,20.194,564.5146,0.0001043305
baseline,10mm,2,20.0,0.0001,20.0,1,1,20.067,352.4532,0.0001266722
baseline,10mm,3,20.0,0.0001,20.0,1,1,20.207,463.0372,0.0001279588
baseline,30mm,1,20.0,0.0001,20.0,0,0,0.0,14.341,0.0001873346
baseline,30mm,2,20.0,0.0001,20.0,0,0,0.0,12.0504,0.000175777
baseline,30mm,3,20.0,0.0001,20.0,0,0,0.0,14.7034,0.0001676386
baseline,50mm,1,20.0,0.0001,20.0,1,1,20.081,286.7237,0.0001453633
baseline,50mm,2,20.0,0.0001,20.0,1,1,20.03,154.5552,0.0001497261
baseline,50mm,3,20.0,0.0001,20.0,1,1,20.084,286.76,0.000145364
baseline,10mm,1,20.0,3e-05,20.0,1,1,20.051,540.4011,0.0001127355
baseline,10mm,2,20.0,3e-05,20.0,1,1,20.021,508.8103,0.0001181076
baseline,10mm,3,20.0,3e-05,20.0,1,1,20.015,568.0157,0.000122059
baseline,30mm,1,20.0,3e-05,20.0,1,1,20.02,74.6775,0.0006317434
baseline,30mm,2,20.0,3e-05,20.0,1,1,20.041,47.2532,0.0004078519
baseline,30mm,3,20.0,3e-05,20.0,1,1,20.025,423.3556,0.000135486
baseline,50mm,1,20.0,3e-05,20.0,1,1,20.142,257.0548,0.0001683635
baseline,50mm,2,20.0,3e-05,20.0,1,1,20.047,207.7592,0.0001445358
baseline,50mm,3,20.0,3e-05,20.0,1,1,20.022,257.8952,0.0001681239
baseline,10mm,1,20.0,1e-05,20.0,1,1,20.173,431.5443,0.000145852
baseline,10mm,2,20.0,1e-05,20.0,1,1,20.109,845.2419,8.261226e-05
baseline,10mm,3,20.0,1e-05,20.0,1,1,20.102,836.1243,9.368104e-05
baseline,30mm,1,20.0,1e-05,20.0,1,1,20.037,856.2429,0.0001195343
baseline,30mm,2,20.0,1e-05,20.0,1,1,20.006,148.7325,0.0002183233
baseline,30mm,3,20.0,1e-05,20.0,1,1,20.035,700.5857,0.0001012324
baseline,50mm,1,20.0,1e-05,20.0,1,1,20.01,184.3325,0.0002458301
baseline,50mm,2,20.0,1e-05,20.0,1,1,20.125,325.3674,0.0001043389
baseline,50mm,3,20.0,1e-05,20.0,1,1,20.002,185.8435,0.0002441798
mitigated,10mm,1,2.0,0.01,2.0,1,1,2.008,256.3288,2.218052e-05
mitigated,10mm,2,2.0,0.01,2.0,1,1,2.003,290.3065,0.0002354532
mitigated,10mm,3,2.0,0.01,2.0,1,1,2.01,1155.704,0.0002213866
mitigated,30mm,1,2.0,0.01,2.0,1,1,2.005,33.0552,0.0001642997
mitigated,30mm,2,2.0,0.01,2.0,0,0,0.0,1.7018,0.0002049652
mitigated,30mm,3,2.0,0.01,2.0,1,1,2.0,1030.8095,0.0002189019
mitigated,50mm,1,2.0,0.01,2.0,1,1,2.014,251.3314,9.832622e-05
mitigated,50mm,2,2.0,0.01,2.0,1,1,2.015,83.7529,4.884314e-05
mitigated,50mm,3,2.0,0.01,2.0,1,1,2.014,251.3126,9.82854e-05
mitigated,10mm,1,2.0,0.003,2.0,1,1,2.01,416.7124,4.550608e-05
mitigated,10mm,2,2.0,0.003,2.0,1,1,2.014,351.6192,0.0001871863
mitigated,10mm,3,2.0,0.003,2.0,1,1,2.042,635.649,0.0001993935
mitigated,30mm,1,2.0,0.003,2.0,1,1,2.002,398.0109,0.0001265139
mitigated,30mm,2,2.0,0.003,2.0,3,1,2.001,540.029,6.765596e-05
mitigated,30mm,3,2.0,0.003,2.0,1,1,2.029,625.6343,0.0001786711
mitigated,50mm,1,2.0,0.003,2.0,1,1,2.005,560.0489,8.373034e-05
mitigated,50mm,2,2.0,0.003,2.0,1,1,2.039,116.7712,9.231315e-05
mitigated,50mm,3,2.0,0.003,2.0,1,1,2.006,560.0736,8.370557e-05
mitigated,10mm,1,2.0,0.001,2.0,1,1,2.006,579.9126,8.584209e-05
mitigated,10mm,2,2.0,0.001,2.0,1,1,2.007,375.2342,0.0001408169
mitigated,10mm,3,2.0,0.001,2.0,1,1,2.019,490.6417,0.0001542923
mitigated,30mm,1,2.0,0.001,2.0,1,1,2.004,603.4459,0.0001063139
mitigated,30mm,2,2.0,0.001,2.0,3,1,2.005,391.0488,9.343126e-05
mitigated,30mm,3,2.0,0.001,2.0,1,1,2.015,452.5748,0.0001406656
mitigated,50mm,1,2.0,0.001,2.0,1,1,2.026,394.6527,0.0001148825
mitigated,50mm,2,2.0,0.001,2.0,1,1,2.028,158.1954,0.0001340711
mitigated,50mm,3,2.0,0.001,2.0,1,1,2.026,394.6792,0.0001148661
mitigated,10mm,1,2.0,0.0003,2.0,1,1,2.001,631.9028,0.0001006581
mitigated,10mm,2,2.0,0.0003,2.0,1,1,2.009,424.4809,0.0001288003
mitigated,10mm,3,2.0,0.0003,2.0,1,1,2.003,486.8534,0.0001345992
mitigated,30mm,1,2.0,0.0003,2.0,2,1,2.01,721.0734,0.0001120899
mitigated,30mm,2,2.0,0.0003,2.0,2,1,2.004,285.7939,0.0001415872
mitigated,30mm,3,2.0,0.0003,2.0,1,1,2.016,422.7502,0.0001309421
mitigated,50mm,1,2.0,0.0003,2.0,1,1,2.018,346.9692,0.0001358011
mitigated,50mm,2,2.0,0.0003,2.0,1,1,2.002,181.7053,0.0001452521
mitigated,50mm,3,2.0,0.0003,2.0,1,1,2.018,346.9991,0.0001357957
mitigated,10mm,1,2.0,0.0001,2.0,2,1,2.01,638.832,0.0001015375
mitigated,10mm,2,2.0,0.0001,2.0,4,1,2.151,519.3387,0.0001054941
mitigated,10mm,3,2.0,0.0001,2.0,3,1,2.002,560.8224,0.0001151889
mitigated,30mm,1,2.0,0.0001,2.0,2,1,2.003,764.5552,0.0001218536
mitigated,30mm,2,2.0,0.0001,2.0,1,1,2.003,249.0058,0.000148088
mitigated,30mm,3,2.0,0.0001,2.0,2,1,2.0,419.2278,0.0001355486
mitigated,50mm,1,2.0,0.0001,2.0,1,1,2.044,335.9646,0.0001444754
mitigated,50mm,2,2.0,0.0001,2.0,1,1,2.002,184.2225,0.0001487155
mitigated,50mm,3,2.0,0.0001,2.0,1,1,2.044,336.0199,0.000144476
mitigated,10mm,1,2.0,3e-05,2.0,1,1,2.007,559.5052,0.0001111945
mitigated,10mm,2,2.0,3e-05,2.0,4,1,3.519,849.6301,6.807027e-05
mitigated,10mm,3,2.0,3e-05,2.0,4,1,2.6,824.7712,8.462098e-05
mitigated,30mm,1,2.0,3e-05,2.0,3,1,2.001,914.8378,0.0001124686
mitigated,30mm,2,2.0,3e-05,2.0,1,1,2.005,220.7955,0.0001546586
mitigated,30mm,3,2.0,3e-05,2.0,4,1,2.919,688.9376,9.193133e-05
mitigated,50mm,1,2.0,3e-05,2.0,1,1,2.016,269.1047,0.0001650773
mitigated,50mm,2,2.0,3e-05,2.0,4,1,2.002,319.0199,8.812494e-05
mitigated,50mm,3,2.0,3e-05,2.0,1,1,2.022,269.87,0.0001648792
mitigated,10mm,1,2.0,1e-05,2.0,1,1,2.017,436.7787,0.0001444741
mitigated,10mm,2,2.0,1e-05,2.0,4,1,5.84,1410.1392,4.101336e-05
mitigated,10mm,3,2.0,1e-05,2.0,4,1,3.754,1191.0569,5.859749e-05
mitigated,30mm,1,2.0,1e-05,2.0,4,1,2.018,944.2093,0.0001081498
mitigated,30mm,2,2.0,1e-05,2.0,1,1,2.004,192.6784,0.0001772148
mitigated,30mm,3,2.0,1e-05,2.0,4,1,4.418,1042.7868,6.073624e-05
mitigated,50mm,1,2.0,1e-05,2.0,1,1,2.003,189.8896,0.0002397921
mitigated,50mm,2,2.0,1e-05,2.0,4,1,2.001,500.5506,5.613271e-05
mitigated,50mm,3,2.0,1e-05,2.0,1,1,2.015,191.0466,0.0002386039
mitigated,10mm,1,3.0,0.01,2.0,1,1,3.048,256.3288,2.218052e-05
mitigated,10mm,2,3.0,0.01,2.0,1,1,3.017,290.3065,0.0002354532
mitigated,10mm,3,3.0,0.01,2.0,1,1,3.126,1155.704,0.0002213866
mitigated,30mm,1,3.0,0.01,2.0,1,1,3.01,33.0552,0.0001642997
mitigated,30mm,2,3.0,0.01,2.0,0,0,0.0,1.7018,0.0002049652
mitigated,30mm,3,3.0,0.01,2.0,1,1,3.027,1030.8095,0.0002189019
mitigated,50mm,1,3.0,0.01,2.0,1,1,3.031,251.3314,9.832622e-05
mitigated,50mm,2,3.0,0.01,2.0,1,1,3.058,83.7529,4.884314e-05
mitigated,50mm,3,3.0,0.01,2.0,1,1,3.031,251.3126,9.82854e-05
mitigated,10mm,1,3.0,0.003,2.0,1,1,3.041,416.7124,4.550608e-05
mitigated,10mm,2,3.0,0.003,2.0,1,1,3.035,351.6192,0.0001871863
mitigated,10mm,3,3.0,0.003,2.0,1,1,3.061,635.649,0.0001993935
mitigated,30mm,1,3.0,0.003,2.0,1,1,3.0,398.0109,0.0001265139
mitigated,30mm,2,3.0,0.003,2.0,1,1,3.003,540.029,0.0001553822
mitigated,30mm,3,3.0,0.003,2.0,1,1,3.034,625.6343,0.0001786711
mitigated,50mm,1,3.0,0.003,2.0,1,1,3.053,560.0489,8.373034e-05
mitigated,50mm,2,3.0,0.003,2.0,1,1,3.011,116.7712,9.231315e-05
mitigated,50mm,3,3.0,0.003,2.0,1,1,3.053,560.0736,8.370557e-05
mitigated,10mm,1,3.0,0.001,2.0,1,1,3.02,579.9126,8.584209e-05
mitigated,10mm,2,3.0,0.001,2.0,1,1,3.012,375.2342,0.0001408169
mitigated,10mm,3,3.0,0.001,2.0,1,1,3.049,490.6417,0.0001542923
mitigated,30mm,1,3.0,0.001,2.0,1,1,3.015,603.4459,0.0001063139
mitigated,30mm,2,3.0,0.001,2.0,1,1,3.004,391.0488,0.0001377237
mitigated,30mm,3,3.0,0.001,2.0,1,1,3.028,452.5748,0.0001406656
mitigated,50mm,1,3.0,0.001,2.0,1,1,3.024,394.6527,0.0001148825
mitigated,50mm,2,3.0,0.001,2.0,1,1,3.072,158.1954,0.0001340711
mitigated,50mm,3,3.0,0.001,2.0,1,1,3.025,394.6792,0.0001148661
mitigated,10mm,1,3.0,0.0003,2.0,1,1,3.004,631.9028,0.0001006581
mitigated,10mm,2,3.0,0.0003,2.0,1,1,3.005,424.4809,0.0001288004
mitigated,10mm,3,3.0,0.0003,2.0,1,1,3.026,486.8534,0.0001345992
mitigated,30mm,1,3.0,0.0003,2.0,1,1,3.019,721.0734,0.0001095587
mitigated,30mm,2,3.0,0.0003,2.0,1,1,3.004,285.7939,0.0001444848
mitigated,30mm,3,3.0,0.0003,2.0,1,1,3.03,422.7502,0.0001309421
mitigated,50mm,1,3.0,0.0003,2.0,1,1,3.026,346.9692,0.0001358011
mitigated,50mm,2,3.0,0.0003,2.0,1,1,3.066,181.7053,0.0001452519
mitigated,50mm,3,3.0,0.0003,2.0,1,1,3.027,346.9991,0.0001357957
mitigated,10mm,1,3.0,0.0001,2.0,1,1,3.037,638.832,0.0001018009
mitigated,10mm,2,3.0,0.0001,2.0,1,1,3.029,462.5022,0.0001213673
mitigated,10mm,3,3.0,0.0001,2.0,1,1,3.035,505.6181,0.0001260743
mitigated,30mm,1,3.0,0.0001,2.0,1,1,3.008,764.5552,0.0001161126
mitigated,30mm,2,3.0,0.0001,2.0,1,1,3.001,249.0058,0.0001480918
mitigated,30mm,3,3.0,0.0001,2.0,1,1,3.032,417.3298,0.0001294655
mitigated,50mm,1,3.0,0.0001,2.0,1,1,3.052,335.9646,0.0001444738
mitigated,50mm,2,3.0,0.0001,2.0,1,1,3.005,184.2225,0.0001486727
mitigated,50mm,3,3.0,0.0001,2.0,1,1,3.053,336.0199,0.0001444744
mitigated,10mm,1,3.0,3e-05,2.0,1,1,3.008,559.5052,0.0001111703
mitigated,10mm,2,3.0,3e-05,2.0,4,1,3.519,849.6301,6.729214e-05
mitigated,10mm,3,3.0,3e-05,2.0,2,1,3.002,826.2623,8.463401e-05
mitigated,30mm,1,3.0,3e-05,2.0,1,1,3.012,927.3502,0.0001145517
mitigated,30mm,2,3.0,3e-05,2.0,1,1,3.001,220.7955,0.0001547275
mitigated,30mm,3,3.0,3e-05,2.0,2,1,3.002,688.5024,9.421431e-05
mitigated,50mm,1,3.0,3e-05,2.0,1,1,3.038,269.1047,0.0001650795
mitigated,50mm,2,3.0,3e-05,2.0,3,1,3.0,311.7297,9.01334e-05
mitigated,50mm,3,3.0,3e-05,2.0,1,1,3.047,269.87,0.0001648812
mitigated,10mm,1,3.0,1e-05,2.0,1,1,3.024,436.7787,0.0001444681
mitigated,10mm,2,3.0,1e-05,2.0,4,1,5.84,1410.1392,4.101336e-05
mitigated,10mm,3,3.0,1e-05,2.0,4,1,3.754,1191.0569,5.859749e-05
mitigated,30mm,1,3.0,1e-05,2.0,1,1,3.003,951.5116,0.0001087018
mitigated,30mm,2,3.0,1e-05,2.0,1,1,3.003,192.6784,0.0001773275
mitigated,30mm,3,3.0,1e-05,2.0,4,1,4.418,1042.7868,6.073624e-05
mitigated,50mm,1,3.0,1e-05,2.0,1,1,3.048,189.8896,0.0002398071
mitigated,50mm,2,3.0,1e-05,2.0,4,1,3.004,500.5506,5.613271e-05
mitigated,50mm,3,3.0,1e-05,2.0,1,1,3.016,191.0466,0.000238618
mitigated,10mm,1,4.0,0.01,2.0,1,1,4.006,256.3288,2.218052e-05
mitigated,10mm,2,4.0,0.01,2.0,1,1,4.01,290.3065,0.0002354532
mitigated,10mm,3,4.0,0.01,2.0,1,1,4.037,1155.704,0.0002213866
mitigated,30mm,1,4.0,0.01,2.0,1,1,4.008,33.0552,0.0001642997
mitigated,30mm,2,4.0,0.01,2.0,0,0,0.0,1.7018,0.0002049652
mitigated,30mm,3,4.0,0.01,2.0,1,1,4.046,1030.8095,0.0002189019
mitigated,50mm,1,4.0,0.01,2.0,1,1,4.035,251.3314,9.832622e-05
mitigated,50mm,2,4.0,0.01,2.0,1,1,4.02,83.7529,4.884314e-05
mitigated,50mm,3,4.0,0.01,2.0,1,1,4.035,251.3126,9.82854e-05
mitigated,10mm,1,4.0,0.003,2.0,1,1,4.035,416.7124,4.550608e-05
mitigated,10mm,2,4.0,0.003,2.0,1,1,4.035,351.6192,0.0001871863
mitigated,10mm,3,4.0,0.003,2.0,1,1,4.089,635.649,0.0001993935
mitigated,30mm,1,4.0,0.003,2.0,1,1,4.011,398.0109,0.0001265139
mitigated,30mm,2,4.0,0.003,2.0,1,1,4.009,540.029,0.0001553822
mitigated,30mm,3,4.0,0.003,2.0,1,1,4.011,625.6343,0.0001786711
mitigated,50mm,1,4.0,0.003,2.0,1,1,4.007,560.0489,8.373034e-05
mitigated,50mm,2,4.0,0.003,2.0,1,1,4.019,116.7712,9.231315e-05
mitigated,50mm,3,4.0,0.003,2.0,1,1,4.008,560.0736,8.370557e-05
mitigated,10mm,1,4.0,0.001,2.0,1,1,4.014,579.9126,8.584209e-05
mitigated,10mm,2,4.0,0.001,2.0,1,1,4.033,375.2342,0.0001408169
mitigated,10mm,3,4.0,0.001,2.0,1,1,4.11,490.6417,0.0001542923
mitigated,30mm,1,4.0,0.001,2.0,1,1,4.025,603.4459,0.0001063139
mitigated,30mm,2,4.0,0.001,2.0,1,1,4.002,391.0488,0.0001377237
mitigated,30mm,3,4.0,0.001,2.0,1,1,4.017,452.5748,0.0001406656
mitigated,50mm,1,4.0,0.001,2.0,1,1,4.018,394.6527,0.0001148825
mitigated,50mm,2,4.0,0.001,2.0,1,1,4.079,158.1954,0.0001340711
mitigated,50mm,3,4.0,0.001,2.0,1,1,4.019,394.6792,0.0001148661
mitigated,10mm,1,4.0,0.0003,2.0,1,1,4.01,631.9028,0.0001006581
mitigated,10mm,2,4.0,0.0003,2.0,1,1,4.027,424.4809,0.0001288004
mitigated,10mm,3,4.0,0.0003,2.0,1,1,4.078,486.8534,0.0001345992
mitigated,30mm,1,4.0,0.0003,2.0,1,1,4.016,721.0734,0.0001095587
mitigated,30mm,2,4.0,0.0003,2.0,1,1,4.003,285.7939,0.0001444848
mitigated,30mm,3,4.0,0.0003,2.0,1,1,4.017,422.7502,0.0001309421
mitigated,50mm,1,4.0,0.0003,2.0,1,1,4.049,346.9692,0.0001358011
mitigated,50mm,2,4.0,0.0003,2.0,1,1,4.074,181.7053,0.0001452519
mitigated,50mm,3,4.0,0.0003,2.0,1,1,4.049,346.9991,0.0001357957
mitigated,10mm,1,4.0,0.0001,2.0,1,1,4.054,638.832,0.0001017553
mitigated,10mm,2,4.0,0.0001,2.0,1,1,4.04,462.5022,0.0001214782
mitigated,10mm,3,4.0,0.0001,2.0,1,1,4.103,505.6181,0.0001260781
mitigated,30mm,1,4.0,0.0001,2.0,1,1,4.008,764.5552,0.0001161086
mitigated,30mm,2,4.0,0.0001,2.0,1,1,4.003,249.0058,0.0001481123
mitigated,30mm,3,4.0,0.0001,2.0,1,1,4.009,417.3298,0.0001294732
mitigated,50mm,1,4.0,0.0001,2.0,1,1,4.052,335.9646,0.0001444721
mitigated,50mm,2,4.0,0.0001,2.0,1,1,4.13,184.2225,0.0001486694
mitigated,50mm,3,4.0,0.0001,2.0,1,1,4.052,336.0199,0.0001444727
mitigated,10mm,1,4.0,3e-05,2.0,1,1,4.012,559.5052,0.0001111574
mitigated,10mm,2,4.0,3e-05,2.0,1,1,4.032,863.4386,6.696592e-05
mitigated,10mm,3,4.0,3e-05,2.0,1,1,4.076,846.2862,8.303614e-05
mitigated,30mm,1,4.0,3e-05,2.0,1,1,4.016,927.3502,0.0001145223
mitigated,30mm,2,4.0,3e-05,2.0,1,1,4.0,220.7955,0.0001549229
mitigated,30mm,3,4.0,3e-05,2.0,1,1,4.009,693.6602,9.611495e-05
mitigated,50mm,1,4.0,3e-05,2.0,1,1,4.037,269.1047,0.00016508
mitigated,50mm,2,4.0,3e-05,2.0,1,1,4.009,306.6416,9.522772e-05
mitigated,50mm,3,4.0,3e-05,2.0,1,1,4.049,269.87,0.0001648816
mitigated,10mm,1,4.0,1e-05,2.0,1,1,4.013,436.7787,0.0001444645
mitigated,10mm,2,4.0,1e-05,2.0,4,1,5.84,1410.1392,4.101336e-05
mitigated,10mm,3,4.0,1e-05,2.0,3,1,4.004,1191.2144,5.882576e-05
mitigated,30mm,1,4.0,1e-05,2.0,1,1,4.011,951.5116,0.0001086462
mitigated,30mm,2,4.0,1e-05,2.0,1,1,4.006,192.1718,0.0001778379
mitigated,30mm,3,4.0,1e-05,2.0,2,1,4.418,1042.7868,6.228859e-05
mitigated,50mm,1,4.0,1e-05,2.0,1,1,4.027,189.8896,0.0002398174
mitigated,50mm,2,4.0,1e-05,2.0,4,1,4.001,500.5506,5.613271e-05
mitigated,50mm,3,4.0,1e-05,2.0,1,1,4.003,191.0466,0.0002386282
mitigated,10mm,1,6.0,0.01,2.0,1,1,6.027,256.3288,2.218052e-05
mitigated,10mm,2,6.0,0.01,2.0,1,1,6.021,290.3065,0.0002354532
mitigated,10mm,3,6.0,0.01,2.0,1,1,6.003,1155.704,0.0002213866
mitigated,30mm,1,6.0,0.01,2.0,1,1,6.001,33.0552,0.0001642997
mitigated,30mm,2,6.0,0.01,2.0,0,0,0.0,1.7018,0.0002049652
mitigated,30mm,3,6.0,0.01,2.0,1,1,6.049,1030.8095,0.0002189019
mitigated,50mm,1,6.0,0.01,2.0,1,1,6.051,251.3314,9.832622e-05
mitigated,50mm,2,6.0,0.01,2.0,1,1,6.032,83.7529,4.884314e-05
mitigated,50mm,3,6.0,0.01,2.0,1,1,6.052,251.3126,9.82854e-05
mitigated,10mm,1,6.0,0.003,2.0,1,1,6.025,416.7124,4.550608e-05
mitigated,10mm,2,6.0,0.003,2.0,1,1,6.029,351.6192,0.0001871863
mitigated,10mm,3,6.0,0.003,2.0,1,1,6.028,635.649,0.0001993935
mitigated,30mm,1,6.0,0.003,2.0,1,1,6.018,398.0109,0.0001265139
mitigated,30mm,2,6.0,0.003,2.0,1,1,6.005,540.029,0.0001553822
mitigated,30mm,3,6.0,0.003,2.0,1,1,6.01,625.6343,0.0001786711
mitigated,50mm,1,6.0,0.003,2.0,1,1,6.012,560.0489,8.373034e-05
mitigated,50mm,2,6.0,0.003,2.0,1,1,6.057,116.7712,9.231315e-05
mitigated,50mm,3,6.0,0.003,2.0,1,1,6.012,560.0736,8.370557e-05
mitigated,10mm,1,6.0,0.001,2.0,1,1,6.019,579.9126,8.584209e-05
mitigated,10mm,2,6.0,0.001,2.0,1,1,6.036,375.2342,0.0001408169
mitigated,10mm,3,6.0,0.001,2.0,1,1,6.029,490.6417,0.0001542923
mitigated,30mm,1,6.0,0.001,2.0,1,1,6.014,603.4459,0.0001063139
mitigated,30mm,2,6.0,0.001,2.0,1,1,6.001,391.0488,0.0001377237
mitigated,30mm,3,6.0,0.001,2.0,1,1,6.032,452.5748,0.0001406656
mitigated,50mm,1,6.0,0.001,2.0,1,1,6.022,394.6527,0.0001148825
mitigated,50mm,2,6.0,0.001,2.0,1,1,6.111,158.1954,0.0001340711
mitigated,50mm,3,6.0,0.001,2.0,1,1,6.023,394.6792,0.0001148661
mitigated,10mm,1,6.0,0.0003,2.0,1,1,6.012,631.9028,0.000100658
mitigated,10mm,2,6.0,0.0003,2.0,1,1,6.039,424.4809,0.0001288004
mitigated,10mm,3,6.0,0.0003,2.0,1,1,6.148,486.8534,0.0001345992
mitigated,30mm,1,6.0,0.0003,2.0,1,1,6.002,721.0734,0.0001095587
mitigated,30mm,2,6.0,0.0003,2.0,1,1,6.011,285.7939,0.0001444848
mitigated,30mm,3,6.0,0.0003,2.0,1,1,6.013,422.7502,0.0001309422
mitigated,50mm,1,6.0,0.0003,2.0,1,1,6.046,346.9692,0.0001358011
mitigated,50mm,2,6.0,0.0003,2.0,1,1,6.068,181.7053,0.0001452519
mitigated,50mm,3,6.0,0.0003,2.0,1,1,6.047,346.9991,0.0001357957
mitigated,10mm,1,6.0,0.0001,2.0,1,1,6.078,638.832,0.0001016943
mitigated,10mm,2,6.0,0.0001,2.0,1,1,6.016,462.5022,0.0001220206
mitigated,10mm,3,6.0,0.0001,2.0,1,1,6.044,505.6181,0.0001260958
mitigated,30mm,1,6.0,0.0001,2.0,1,1,6.024,764.5552,0.0001161032
mitigated,30mm,2,6.0,0.0001,2.0,1,1,6.012,244.4731,0.0001480468
mitigated,30mm,3,6.0,0.0001,2.0,1,1,6.03,417.3298,0.0001294875
mitigated,50mm,1,6.0,0.0001,2.0,1,1,6.041,335.9646,0.0001444689
mitigated,50mm,2,6.0,0.0001,2.0,1,1,6.153,184.2225,0.0001486651
mitigated,50mm,3,6.0,0.0001,2.0,1,1,6.042,336.0199,0.0001444695
mitigated,10mm,1,6.0,3e-05,2.0,1,1,6.01,559.5052,0.0001111405
mitigated,10mm,2,6.0,3e-05,2.0,1,1,6.035,863.4386,6.696728e-05
mitigated,10mm,3,6.0,3e-05,2.0,1,1,6.026,846.2862,8.30527e-05
mitigated,30mm,1,6.0,3e-05,2.0,1,1,6.028,927.3502,0.0001144788
mitigated,30mm,2,6.0,3e-05,2.0,1,1,6.001,219.1969,0.0001549989
mitigated,30mm,3,6.0,3e-05,2.0,1,1,6.013,693.6602,9.618841e-05
mitigated,50mm,1,6.0,3e-05,2.0,1,1,6.037,269.1047,0.0001650784
mitigated,50mm,2,6.0,3e-05,2.0,1,1,6.173,306.6416,9.522772e-05
mitigated,50mm,3,6.0,3e-05,2.0,1,1,6.055,269.87,0.0001648799
mitigated,10mm,1,6.0,1e-05,2.0,1,1,6.021,436.7787,0.0001444594
mitigated,10mm,2,6.0,1e-05,2.0,2,1,6.004,1409.1086,4.155838e-05
mitigated,10mm,3,6.0,1e-05,2.0,1,1,6.185,1190.8981,5.889514e-05
mitigated,30mm,1,6.0,1e-05,2.0,1,1,6.028,951.5116,0.0001085811
mitigated,30mm,2,6.0,1e-05,2.0,1,1,6.007,192.1718,0.0001778175
mitigated,30mm,3,6.0,1e-05,2.0,1,1,6.071,1034.7068,6.250345e-05
mitigated,50mm,1,6.0,1e-05,2.0,1,1,6.005,189.8896,0.000239836
mitigated,50mm,2,6.0,1e-05,2.0,1,1,6.058,488.6133,5.885656e-05
mitigated,50mm,3,6.0,1e-05,2.0,1,1,6.042,191.0466,0.0002386468
mitigated,10mm,1,8.0,0.01,2.0,1,1,8.013,256.3288,2.218052e-05
mitigated,10mm,2,8.0,0.01,2.0,1,1,8.048,290.3065,0.0002354532
mitigated,10mm,3,8.0,0.01,2.0,1,1,8.23,1155.704,0.0002213866
mitigated,30mm,1,8.0,0.01,2.0,1,1,8.016,33.0552,0.0001642997
mitigated,30mm,2,8.0,0.01,2.0,0,0,0.0,1.7018,0.0002049652
mitigated,30mm,3,8.0,0.01,2.0,1,1,8.099,1030.8095,0.0002189019
mitigated,50mm,1,8.0,0.01,2.0,1,1,8.035,251.3314,9.832622e-05
mitigated,50mm,2,8.0,0.01,2.0,1,1,8.019,83.7529,4.884314e-05
mitigated,50mm,3,8.0,0.01,2.0,1,1,8.035,251.3126,9.82854e-05
mitigated,10mm,1,8.0,0.003,2.0,1,1,8.002,416.7124,4.550608e-05
mitigated,10mm,2,8.0,0.003,2.0,1,1,8.041,351.6192,0.0001871863
mitigated,10mm,3,8.0,0.003,2.0,1,1,8.027,635.649,0.0001993935
mitigated,30mm,1,8.0,0.003,2.0,1,1,8.021,398.0109,0.0001265139
mitigated,30mm,2,8.0,0.003,2.0,1,1,8.005,540.029,0.0001553822
mitigated,30mm,3,8.0,0.003,2.0,1,1,8.059,625.6343,0.0001786711
mitigated,50mm,1,8.0,0.003,2.0,1,1,8.119,560.0489,8.373034e-05
mitigated,50mm,2,8.0,0.003,2.0,1,1,8.074,116.7712,9.231315e-05
mitigated,50mm,3,8.0,0.003,2.0,1,1,8.12,560.0736,8.370557e-05
mitigated,10mm,1,8.0,0.001,2.0,1,1,8.123,579.9126,8.584209e-05
mitigated,10mm,2,8.0,0.001,2.0,1,1,8.043,375.2342,0.0001408169
mitigated,10mm,3,8.0,0.001,2.0,1,1,8.032,490.6417,0.0001542923
mitigated,30mm,1,8.0,0.001,2.0,1,1,8.001,603.4459,0.0001063139
mitigated,30mm,2,8.0,0.001,2.0,1,1,8.007,391.0488,0.0001377237
mitigated,30mm,3,8.0,0.001,2.0,1,1,8.008,452.5748,0.0001406656
mitigated,50mm,1,8.0,0.001,2.0,1,1,8.065,394.6527,0.0001148825
mitigated,50mm,2,8.0,0.001,2.0,1,1,8.055,158.1954,0.0001340711
mitigated,50mm,3,8.0,0.001,2.0,1,1,8.066,394.6792,0.0001148661
mitigated,10mm,1,8.0,0.0003,2.0,1,1,8.032,631.9028,0.000100658
mitigated,10mm,2,8.0,0.0003,2.0,1,1,8.021,424.4809,0.0001288005
mitigated,10mm,3,8.0,0.0003,2.0,1,1,8.17,486.8534,0.0001345993
mitigated,30mm,1,8.0,0.0003,2.0,1,1,8.037,721.0734,0.0001095587
mitigated,30mm,2,8.0,0.0003,2.0,1,1,8.017,285.7939,0.0001444848
mitigated,30mm,3,8.0,0.0003,2.0,1,1,8.043,422.7502,0.0001309422
mitigated,50mm,1,8.0,0.0003,2.0,1,1,8.029,346.9692,0.0001358011
mitigated,50mm,2,8.0,0.0003,2.0,1,1,8.17,181.7053,0.0001452519
mitigated,50mm,3,8.0,0.0003,2.0,1,1,8.031,346.9991,0.0001357957
mitigated,10mm,1,8.0,0.0001,2.0,1,1,8.12,638.832,0.0001016769
mitigated,10mm,2,8.0,0.0001,2.0,1,1,8.002,462.5022,0.0001220794
mitigated,10mm,3,8.0,0.0001,2.0,1,1,8.073,505.6181,0.0001261083
mitigated,30mm,1,8.0,0.0001,2.0,1,1,8.004,764.5552,0.0001160998
mitigated,30mm,2,8.0,0.0001,2.0,1,1,8.005,244.4731,0.0001480323
mitigated,30mm,3,8.0,0.0001,2.0,1,1,8.032,417.3298,0.0001295006
mitigated,50mm,1,8.0,0.0001,2.0,1,1,8.01,335.9646,0.0001444653
mitigated,50mm,2,8.0,0.0001,2.0,1,1,8.092,184.2225,0.0001486615
mitigated,50mm,3,8.0,0.0001,2.0,1,1,8.013,336.0199,0.0001444659
mitigated,10mm,1,8.0,3e-05,2.0,1,1,8.09,559.5052,0.0001111277
mitigated,10mm,2,8.0,3e-05,2.0,1,1,8.001,863.4386,6.697485e-05
mitigated,10mm,3,8.0,3e-05,2.0,1,1,8.025,846.2862,8.307291e-05
mitigated,30mm,1,8.0,3e-05,2.0,1,1,8.047,927.3502,0.0001144516
mitigated,30mm,2,8.0,3e-05,2.0,1,1,8.008,219.1969,0.0001549839
mitigated,30mm,3,8.0,3e-05,2.0,1,1,8.01,693.6602,9.621729e-05
mitigated,50mm,1,8.0,3e-05,2.0,1,1,8.064,269.1047,0.0001650738
mitigated,50mm,2,8.0,3e-05,2.0,1,1,8.179,306.6416,9.522772e-05
mitigated,50mm,3,8.0,3e-05,2.0,1,1,8.003,269.87,0.0001648753
mitigated,10mm,1,8.0,1e-05,2.0,1,1,8.037,436.7787,0.0001444559
mitigated,10mm,2,8.0,1e-05,2.0,1,1,8.021,1400.4774,4.180318e-05
mitigated,10mm,3,8.0,1e-05,2.0,1,1,8.2,1190.8981,5.889745e-05
mitigated,30mm,1,8.0,1e-05,2.0,1,1,8.015,951.5116,0.0001085412
mitigated,30mm,2,8.0,1e-05,2.0,1,1,8.013,192.1718,0.000177845
mitigated,30mm,3,8.0,1e-05,2.0,1,1,8.026,1034.7068,6.250759e-05
mitigated,50mm,1,8.0,1e-05,2.0,1,1,8.044,189.8896,0.0002398474
mitigated,50mm,2,8.0,1e-05,2.0,1,1,8.243,488.6133,5.885656e-05
mitigated,50mm,3,8.0,1e-05,2.0,1,1,8.018,191.0466,0.0002386576
mitigated,10mm,1,10.0,0.01,2.0,1,1,10.1,256.3288,2.218052e-05
mitigated,10mm,2,10.0,0.01,2.0,1,1,10.052,290.3065,0.0002354532
mitigated,10mm,3,10.0,0.01,2.0,1,1,10.308,1155.704,0.0002213866
mitigated,30mm,1,10.0,0.01,2.0,1,1,10.014,33.0552,0.0001642997
mitigated,30mm,2,10.0,0.01,2.0,0,0,0.0,1.7018,0.0002049652
mitigated,30mm,3,10.0,0.01,2.0,1,1,10.012,1030.8095,0.0002189019
mitigated,50mm,1,10.0,0.01,2.0,1,1,10.057,251.3314,9.832622e-05
mitigated,50mm,2,10.0,0.01,2.0,1,1,10.005,83.7529,4.884314e-05
mitigated,50mm,3,10.0,0.01,2.0,1,1,10.057,251.3126,9.82854e-05
mitigated,10mm,1,10.0,0.003,2.0,1,1,10.053,416.7124,4.550608e-05
mitigated,10mm,2,10.0,0.003,2.0,1,1,10.04,351.6192,0.0001871863
mitigated,10mm,3,10.0,0.003,2.0,1,1,10.149,635.649,0.0001993935
mitigated,30mm,1,10.0,0.003,2.0,1,1,10.001,398.0109,0.0001265139
mitigated,30mm,2,10.0,0.003,2.0,1,1,10.004,540.029,0.0001553822
mitigated,30mm,3,10.0,0.003,2.0,1,1,10.023,625.6343,0.0001786711
mitigated,50mm,1,10.0,0.003,2.0,1,1,10.07,560.0489,8.373034e-05
mitigated,50mm,2,10.0,0.003,2.0,1,1,10.051,116.7712,9.231315e-05
mitigated,50mm,3,10.0,0.003,2.0,1,1,10.071,560.0736,8.370557e-05
mitigated,10mm,1,10.0,0.001,2.0,1,1,10.07,579.9126,8.584209e-05
mitigated,10mm,2,10.0,0.001,2.0,1,1,10.02,375.2342,0.0001408169
mitigated,10mm,3,10.0,0.001,2.0,1,1,10.157,490.6417,0.0001542923
mitigated,30mm,1,10.0,0.001,2.0,1,1,10.027,603.4459,0.0001063139
mitigated,30mm,2,10.0,0.001,2.0,1,1,10.027,391.0488,0.0001377237
mitigated,30mm,3,10.0,0.001,2.0,1,1,10.002,452.5748,0.0001406656
mitigated,50mm,1,10.0,0.001,2.0,1,1,10.067,394.6527,0.0001148825
mitigated,50mm,2,10.0,0.001,2.0,1,1,10.067,158.1954,0.0001340711
mitigated,50mm,3,10.0,0.001,2.0,1,1,10.069,394.6792,0.0001148661
mitigated,10mm,1,10.0,0.0003,2.0,1,1,10.029,631.9028,0.000100658
mitigated,10mm,2,10.0,0.0003,2.0,1,1,10.02,424.4809,0.0001288005
mitigated,10mm,3,10.0,0.0003,2.0,1,1,10.078,486.8534,0.0001345993
mitigated,30mm,1,10.0,0.0003,2.0,1,1,10.018,721.0734,0.0001095587
mitigated,30mm,2,10.0,0.0003,2.0,1,1,10.017,285.7939,0.0001444845
mitigated,30mm,3,10.0,0.0003,2.0,1,1,10.042,422.7502,0.0001309423
mitigated,50mm,1,10.0,0.0003,2.0,1,1,10.073,346.9692,0.0001358011
mitigated,50mm,2,10.0,0.0003,2.0,1,1,10.099,181.7053,0.0001452519
mitigated,50mm,3,10.0,0.0003,2.0,1,1,10.076,346.9991,0.0001357956
mitigated,10mm,1,10.0,0.0001,2.0,1,1,10.139,638.832,0.0001016421
mitigated,10mm,2,10.0,0.0001,2.0,1,1,10.077,462.5022,0.0001221574
mitigated,10mm,3,10.0,0.0001,2.0,1,1,10.01,505.6181,0.0001261122
mitigated,30mm,1,10.0,0.0001,2.0,1,1,10.004,764.5552,0.0001160978
mitigated,30mm,2,10.0,0.0001,2.0,1,1,10.001,244.4731,0.0001480306
mitigated,30mm,3,10.0,0.0001,2.0,1,1,10.006,417.3298,0.0001295126
mitigated,50mm,1,10.0,0.0001,2.0,1,1,10.067,335.9646,0.000144461
mitigated,50mm,2,10.0,0.0001,2.0,1,1,10.07,184.2225,0.0001486577
mitigated,50mm,3,10.0,0.0001,2.0,1,1,10.07,336.0199,0.0001444616
mitigated,10mm,1,10.0,3e-05,2.0,1,1,10.004,559.5052,0.0001111181
mitigated,10mm,2,10.0,3e-05,2.0,1,1,10.016,863.4386,6.698306e-05
mitigated,10mm,3,10.0,3e-05,2.0,1,1,10.116,846.2862,8.308365e-05
mitigated,30mm,1,10.0,3e-05,2.0,1,1,10.022,927.3502,0.0001144271
mitigated,30mm,2,10.0,3e-05,2.0,1,1,10.01,219.1969,0.0001550168
mitigated,30mm,3,10.0,3e-05,2.0,1,1,10.023,693.6602,9.62652e-05
mitigated,50mm,1,10.0,3e-05,2.0,1,1,10.06,269.1047,0.0001650685
mitigated,50mm,2,10.0,3e-05,2.0,1,1,10.241,306.6416,9.522772e-05
mitigated,50mm,3,10.0,3e-05,2.0,1,1,10.09,269.87,0.0001648697
mitigated,10mm,1,10.0,1e-05,2.0,1,1,10.005,436.7787,0.0001444531
mitigated,10mm,2,10.0,1e-05,2.0,1,1,10.042,1400.4774,4.179961e-05
mitigated,10mm,3,10.0,1e-05,2.0,1,1,10.296,1190.8981,5.889949e-05
mitigated,30mm,1,10.0,1e-05,2.0,1,1,10.015,951.5116,0.0001085086
mitigated,30mm,2,10.0,1e-05,2.0,1,1,10.004,192.1718,0.0001779092
mitigated,30mm,3,10.0,1e-05,2.0,1,1,10.05,1034.7068,6.251184e-05
mitigated,50mm,1,10.0,1e-05,2.0,1,1,10.01,189.8896,0.0002398548
mitigated,50mm,2,10.0,1e-05,2.0,1,1,10.197,488.6133,5.885656e-05
mitigated,50mm,3,10.0,1e-05,2.0,1,1,10.072,191.0466,0.000238665
mitigated,10mm,1,12.0,0.01,2.0,1,1,12.112,256.3288,2.218052e-05
mitigated,10mm,2,12.0,0.01,2.0,1,1,12.034,290.3065,0.0002354532
mitigated,10mm,3,12.0,0.01,2.0,1,1,12.339,1155.704,0.0002213866
mitigated,30mm,1,12.0,0.01,2.0,1,1,12.045,33.0552,0.0001642997
mitigated,30mm,2,12.0,0.01,2.0,0,0,0.0,1.7018,0.0002049652
mitigated,30mm,3,12.0,0.01,2.0,1,1,12.017,1030.8095,0.0002189019
mitigated,50mm,1,12.0,0.01,2.0,1,1,12.074,251.3314,9.832622e-05
mitigated,50mm,2,12.0,0.01,2.0,1,1,12.025,83.7529,4.884314e-05
mitigated,50mm,3,12.0,0.01,2.0,1,1,12.074,251.3126,9.82854e-05
mitigated,10mm,1,12.0,0.003,2.0,1,1,12.109,416.7124,4.550608e-05
mitigated,10mm,2,12.0,0.003,2.0,1,1,12.008,351.6192,0.0001871863
mitigated,10mm,3,12.0,0.003,2.0,1,1,12.02,635.649,0.0001993935
mitigated,30mm,1,12.0,0.003,2.0,1,1,12.002,398.0109,0.0001265139
mitigated,30mm,2,12.0,0.003,2.0,1,1,12.01,540.029,0.0001553822
mitigated,30mm,3,12.0,0.003,2.0,1,1,12.041,625.6343,0.0001786711
mitigated,50mm,1,12.0,0.003,2.0,1,1,12.018,560.0489,8.373034e-05
mitigated,50mm,2,12.0,0.003,2.0,1,1,12.029,116.7712,9.231315e-05
mitigated,50mm,3,12.0,0.003,2.0,1,1,12.02,560.0736,8.370557e-05
mitigated,10mm,1,12.0,0.001,2.0,1,1,12.099,579.9126,8.584209e-05
mitigated,10mm,2,12.0,0.001,2.0,1,1,12.033,375.2342,0.0001408169
mitigated,10mm,3,12.0,0.001,2.0,1,1,12.041,490.6417,0.0001542923
mitigated,30mm,1,12.0,0.001,2.0,1,1,12.011,603.4459,0.0001063139
mitigated,30mm,2,12.0,0.001,2.0,1,1,12.001,391.0488,0.0001377237
mitigated,30mm,3,12.0,0.001,2.0,1,1,12.017,452.5748,0.0001406656
mitigated,50mm,1,12.0,0.001,2.0,1,1,12.082,394.6527,0.0001148825
mitigated,50mm,2,12.0,0.001,2.0,1,1,12.02,158.1954,0.0001340711
mitigated,50mm,3,12.0,0.001,2.0,1,1,12.085,394.6792,0.0001148661
mitigated,10mm,1,12.0,0.0003,2.0,1,1,12.134,631.9028,0.000100658
mitigated,10mm,2,12.0,0.0003,2.0,1,1,12.032,424.4809,0.0001288005
mitigated,10mm,3,12.0,0.0003,2.0,1,1,12.195,486.8534,0.0001345993
mitigated,30mm,1,12.0,0.0003,2.0,1,1,12.021,721.0734,0.0001095587
mitigated,30mm,2,12.0,0.0003,2.0,1,1,12.017,285.7939,0.0001444845
mitigated,30mm,3,12.0,0.0003,2.0,1,1,12.041,422.7502,0.0001309423
mitigated,50mm,1,12.0,0.0003,2.0,1,1,12.082,346.9692,0.0001358011
mitigated,50mm,2,12.0,0.0003,2.0,1,1,12.056,181.7053,0.0001452519
mitigated,50mm,3,12.0,0.0003,2.0,1,1,12.084,346.9991,0.0001357956
mitigated,10mm,1,12.0,0.0001,2.0,1,1,12.095,638.832,0.0001016304
mitigated,10mm,2,12.0,0.0001,2.0,1,1,12.071,462.5022,0.0001222365
mitigated,10mm,3,12.0,0.0001,2.0,1,1,12.156,505.6181,0.0001261239
mitigated,30mm,1,12.0,0.0001,2.0,1,1,12.024,764.5552,0.0001160969
mitigated,30mm,2,12.0,0.0001,2.0,1,1,12.0,244.4731,0.0001480388
mitigated,30mm,3,12.0,0.0001,2.0,1,1,12.029,417.3298,0.0001295234
mitigated,50mm,1,12.0,0.0001,2.0,1,1,12.066,335.9646,0.0001444575
mitigated,50mm,2,12.0,0.0001,2.0,1,1,12.055,184.2225,0.0001486535
mitigated,50mm,3,12.0,0.0001,2.0,1,1,12.069,336.0199,0.000144458
mitigated,10mm,1,12.0,3e-05,2.0,1,1,12.155,559.5052,0.0001111088
mitigated,10mm,2,12.0,3e-05,2.0,1,1,12.046,863.4386,6.698989e-05
mitigated,10mm,3,12.0,3e-05,2.0,1,1,12.201,846.2862,8.309585e-05
mitigated,30mm,1,12.0,3e-05,2.0,1,1,12.027,927.3502,0.0001144079
mitigated,30mm,2,12.0,3e-05,2.0,1,1,12.019,219.1969,0.0001550915
mitigated,30mm,3,12.0,3e-05,2.0,1,1,12.043,693.6602,9.630555e-05
mitigated,50mm,1,12.0,3e-05,2.0,1,1,12.072,269.1047,0.0001650624
mitigated,50mm,2,12.0,3e-05,2.0,1,1,12.171,306.6416,9.522772e-05
mitigated,50mm,3,12.0,3e-05,2.0,1,1,12.107,269.87,0.0001648635
mitigated,10mm,1,12.0,1e-05,2.0,1,1,12.088,436.7787,0.0001444509
mitigated,10mm,2,12.0,1e-05,2.0,1,1,12.089,1400.4774,4.179689e-05
mitigated,10mm,3,12.0,1e-05,2.0,1,1,12.35,1190.8981,5.890176e-05
mitigated,30mm,1,12.0,1e-05,2.0,1,1,12.009,951.5116,0.0001084847
mitigated,30mm,2,12.0,1e-05,2.0,1,1,12.004,192.1718,0.0001780201
mitigated,30mm,3,12.0,1e-05,2.0,1,1,12.062,1034.7068,6.251446e-05
mitigated,50mm,1,12.0,1e-05,2.0,1,1,12.067,189.8896,0.0002398599
mitigated,50mm,2,12.0,1e-05,2.0,1,1,12.172,488.6133,5.885656e-05
mitigated,50mm,3,12.0,1e-05,2.0,1,1,12.019,191.0466,0.0002386697
mitigated,10mm,1,16.0,0.01,2.0,1,1,16.021,256.3288,2.218052e-05
mitigated,10mm,2,16.0,0.01,2.0,1,1,16.058,290.3065,0.0002354532
mitigated,10mm,3,16.0,0.01,2.0,1,1,16.233,1155.704,0.0002213866
mitigated,30mm,1,16.0,0.01,2.0,1,1,16.017,33.0552,0.0001642997
mitigated,30mm,2,16.0,0.01,2.0,0,0,0.0,1.7018,0.0002049652
mitigated,30mm,3,16.0,0.01,2.0,1,1,16.053,1030.8095,0.0002189019
mitigated,50mm,1,16.0,0.01,2.0,1,1,16.132,251.3314,9.832622e-05
mitigated,50mm,2,16.0,0.01,2.0,1,1,16.024,83.7529,4.884314e-05
mitigated,50mm,3,16.0,0.01,2.0,1,1,16.131,251.3126,9.82854e-05
mitigated,10mm,1,16.0,0.003,2.0,1,1,16.031,416.7124,4.550608e-05
mitigated,10mm,2,16.0,0.003,2.0,1,1,16.038,351.6192,0.0001871863
mitigated,10mm,3,16.0,0.003,2.0,1,1,16.249,635.649,0.0001993935
mitigated,30mm,1,16.0,0.003,2.0,1,1,16.006,398.0109,0.0001265139
mitigated,30mm,2,16.0,0.003,2.0,1,1,16.015,540.029,0.0001553822
mitigated,30mm,3,16.0,0.003,2.0,1,1,16.049,625.6343,0.0001786711
mitigated,50mm,1,16.0,0.003,2.0,1,1,16.092,560.0489,8.373034e-05
mitigated,50mm,2,16.0,0.003,2.0,1,1,16.023,116.7712,9.231315e-05
mitigated,50mm,3,16.0,0.003,2.0,1,1,16.095,560.0736,8.370557e-05
mitigated,10mm,1,16.0,0.001,2.0,1,1,16.05,579.9126,8.584209e-05
mitigated,10mm,2,16.0,0.001,2.0,1,1,16.065,375.2342,0.0001408169
mitigated,10mm,3,16.0,0.001,2.0,1,1,16.098,490.6417,0.0001542923
mitigated,30mm,1,16.0,0.001,2.0,1,1,16.018,603.4459,0.0001063139
mitigated,30mm,2,16.0,0.001,2.0,1,1,16.032,391.0488,0.0001377237
mitigated,30mm,3,16.0,0.001,2.0,1,1,16.018,452.5748,0.0001406656
mitigated,50mm,1,16.0,0.001,2.0,1,1,16.096,394.6527,0.0001148825
mitigated,50mm,2,16.0,0.001,2.0,1,1,16.011,158.1954,0.0001340711
mitigated,50mm,3,16.0,0.001,2.0,1,1,16.098,394.6792,0.0001148661
mitigated,10mm,1,16.0,0.0003,2.0,1,1,16.037,631.9028,0.000100658
mitigated,10mm,2,16.0,0.0003,2.0,1,1,16.054,424.4809,0.0001288006
mitigated,10mm,3,16.0,0.0003,2.0,1,1,16.265,486.8534,0.0001345993
mitigated,30mm,1,16.0,0.0003,2.0,1,1,16.026,721.0734,0.0001095587
mitigated,30mm,2,16.0,0.0003,2.0,1,1,16.009,285.7939,0.0001444847
mitigated,30mm,3,16.0,0.0003,2.0,1,1,16.025,422.7502,0.0001309423
mitigated,50mm,1,16.0,0.0003,2.0,1,1,16.023,346.9692,0.000135801
mitigated,50mm,2,16.0,0.0003,2.0,1,1,16.161,181.7053,0.0001452518
mitigated,50mm,3,16.0,0.0003,2.0,1,1,16.025,346.9991,0.0001357956
mitigated,10mm,1,16.0,0.0001,2.0,1,1,16.01,638.832,0.0001015939
mitigated,10mm,2,16.0,0.0001,2.0,1,1,16.014,462.5022,0.0001223728
mitigated,10mm,3,16.0,0.0001,2.0,1,1,16.289,505.6181,0.0001261382
mitigated,30mm,1,16.0,0.0001,2.0,1,1,16.027,764.5552,0.0001160976
mitigated,30mm,2,16.0,0.0001,2.0,1,1,16.006,244.4731,0.0001480898
mitigated,30mm,3,16.0,0.0001,2.0,1,1,16.01,417.3298,0.0001295403
mitigated,50mm,1,16.0,0.0001,2.0,1,1,16.14,335.9646,0.0001444504
mitigated,50mm,2,16.0,0.0001,2.0,1,1,16.036,184.2225,0.0001486461
mitigated,50mm,3,16.0,0.0001,2.0,1,1,16.143,336.0199,0.000144451
mitigated,10mm,1,16.0,3e-05,2.0,1,1,16.062,559.5052,0.000111095
mitigated,10mm,2,16.0,3e-05,2.0,1,1,16.035,863.4386,6.701126e-05
mitigated,10mm,3,16.0,3e-05,2.0,1,1,16.003,846.2862,8.310734e-05
mitigated,30mm,1,16.0,3e-05,2.0,1,1,16.025,927.3502,0.0001143033
mitigated,30mm,2,16.0,3e-05,2.0,1,1,16.003,219.1969,0.0001554702
mitigated,30mm,3,16.0,3e-05,2.0,1,1,16.017,693.6602,9.635998e-05
mitigated,50mm,1,16.0,3e-05,2.0,1,1,16.087,269.1047,0.0001650509
mitigated,50mm,2,16.0,3e-05,2.0,1,1,16.194,306.6416,9.522772e-05
mitigated,50mm,3,16.0,3e-05,2.0,1,1,16.133,269.87,0.0001648519
mitigated,10mm,1,16.0,1e-05,2.0,1,1,16.011,436.7787,0.0001444479
mitigated,10mm,2,16.0,1e-05,2.0,1,1,16.071,1400.4774,4.179392e-05
mitigated,10mm,3,16.0,1e-05,2.0,1,1,16.294,1190.8981,5.890528e-05
mitigated,30mm,1,16.0,1e-05,2.0,1,1,16.021,951.5116,0.0001084501
mitigated,30mm,2,16.0,1e-05,2.0,1,1,16.014,192.1718,0.0001784968
mitigated,30mm,3,16.0,1e-05,2.0,1,1,16.113,1034.7068,6.251902e-05
mitigated,50mm,1,16.0,1e-05,2.0,1,1,16.03,189.8896,0.0002398669
mitigated,50mm,2,16.0,1e-05,2.0,1,1,16.318,488.6133,5.885656e-05
mitigated,50mm,3,16.0,1e-05,2.0,1,1,16.128,191.0466,0.0002386766
mitigated,10mm,1,20.0,0.01,2.0,1,1,20.12,256.3288,2.218052e-05
mitigated,10mm,2,20.0,0.01,2.0,1,1,20.068,290.3065,0.0002354532
mitigated,10mm,3,20.0,0.01,2.0,1,1,20.358,1155.704,0.0002213866
mitigated,30mm,1,20.0,0.01,2.0,1,1,20.0,33.0552,0.0001642997
mitigated,30mm,2,20.0,0.01,2.0,0,0,0.0,1.7018,0.0002049652
mitigated,30mm,3,20.0,0.01,2.0,1,1,20.064,1030.8095,0.0002189019
mitigated,50mm,1,20.0,0.01,2.0,1,1,20.063,251.3314,9.832622e-05
mitigated,50mm,2,20.0,0.01,2.0,1,1,20.024,83.7529,4.884314e-05
mitigated,50mm,3,20.0,0.01,2.0,1,1,20.061,251.3126,9.82854e-05
mitigated,10mm,1,20.0,0.003,2.0,1,1,20.114,416.7124,4.550608e-05
mitigated,10mm,2,20.0,0.003,2.0,1,1,20.02,351.6192,0.0001871863
mitigated,10mm,3,20.0,0.003,2.0,1,1,20.105,635.649,0.0001993935
mitigated,30mm,1,20.0,0.003,2.0,1,1,20.007,398.0109,0.0001265139
mitigated,30mm,2,20.0,0.003,2.0,1,1,20.011,540.029,0.0001553822
mitigated,30mm,3,20.0,0.003,2.0,1,1,20.049,625.6343,0.0001786711
mitigated,50mm,1,20.0,0.003,2.0,1,1,20.113,560.0489,8.373034e-05
mitigated,50mm,2,20.0,0.003,2.0,1,1,20.089,116.7712,9.231315e-05
mitigated,50mm,3,20.0,0.003,2.0,1,1,20.116,560.0736,8.370557e-05
mitigated,10mm,1,20.0,0.001,2.0,1,1,20.243,579.9126,8.584209e-05
mitigated,10mm,2,20.0,0.001,2.0,1,1,20.039,375.2342,0.0001408169
mitigated,10mm,3,20.0,0.001,2.0,1,1,20.111,490.6417,0.0001542923
mitigated,30mm,1,20.0,0.001,2.0,1,1,20.004,603.4459,0.0001063139
mitigated,30mm,2,20.0,0.001,2.0,1,1,20.006,391.0488,0.0001377237
mitigated,30mm,3,20.0,0.001,2.0,1,1,20.001,452.5748,0.0001406656
mitigated,50mm,1,20.0,0.001,2.0,1,1,20.161,394.6527,0.0001148825
mitigated,50mm,2,20.0,0.001,2.0,1,1,20.045,158.1954,0.0001340711
mitigated,50mm,3,20.0,0.001,2.0,1,1,20.163,394.6792,0.0001148661
mitigated,10mm,1,20.0,0.0003,2.0,1,1,20.244,631.9028,0.000100658
mitigated,10mm,2,20.0,0.0003,2.0,1,1,20.096,424.4809,0.0001288007
mitigated,10mm,3,20.0,0.0003,2.0,1,1,20.277,486.8534,0.0001345993
mitigated,30mm,1,20.0,0.0003,2.0,1,1,20.006,721.0734,0.0001095587
mitigated,30mm,2,20.0,0.0003,2.0,1,1,20.01,285.7939,0.0001444849
mitigated,30mm,3,20.0,0.0003,2.0,1,1,20.041,422.7502,0.0001309424
mitigated,50mm,1,20.0,0.0003,2.0,1,1,20.106,346.9692,0.000135801
mitigated,50mm,2,20.0,0.0003,2.0,1,1,20.06,181.7053,0.0001452518
mitigated,50mm,3,20.0,0.0003,2.0,1,1,20.108,346.9991,0.0001357956
mitigated,10mm,1,20.0,0.0001,2.0,1,1,20.217,638.832,0.0001015691
mitigated,10mm,2,20.0,0.0001,2.0,1,1,20.056,462.5022,0.0001224983
mitigated,10mm,3,20.0,0.0001,2.0,1,1,20.064,505.6181,0.0001261555
mitigated,30mm,1,20.0,0.0001,2.0,1,1,20.008,764.5552,0.0001161044
mitigated,30mm,2,20.0,0.0001,2.0,1,1,20.006,244.4731,0.0001480988
mitigated,30mm,3,20.0,0.0001,2.0,1,1,20.002,417.3298,0.0001295516
mitigated,50mm,1,20.0,0.0001,2.0,1,1,20.084,335.9646,0.0001444448
mitigated,50mm,2,20.0,0.0001,2.0,1,1,20.02,184.2225,0.0001486363
mitigated,50mm,3,20.0,0.0001,2.0,1,1,20.088,336.0199,0.0001444454
mitigated,10mm,1,20.0,3e-05,2.0,1,1,20.015,559.5052,0.0001110843
mitigated,10mm,2,20.0,3e-05,2.0,1,1,20.062,863.4386,6.703118e-05
mitigated,10mm,3,20.0,3e-05,2.0,1,1,20.346,846.2862,8.313058e-05
mitigated,30mm,1,20.0,3e-05,2.0,1,1,20.024,927.3502,0.0001142811
mitigated,30mm,2,20.0,3e-05,2.0,1,1,20.024,219.1969,0.0001555197
mitigated,30mm,3,20.0,3e-05,2.0,1,1,20.073,693.6602,9.64027e-05
mitigated,50mm,1,20.0,3e-05,2.0,1,1,20.127,269.1047,0.0001650395
mitigated,50mm,2,20.0,3e-05,2.0,1,1,20.066,306.6416,9.522772e-05
mitigated,50mm,3,20.0,3e-05,2.0,1,1,20.185,269.87,0.0001648403
mitigated,10mm,1,20.0,1e-05,2.0,1,1,20.197,436.7787,0.000144446
mitigated,10mm,2,20.0,1e-05,2.0,1,1,20.119,1400.4774,4.179222e-05
mitigated,10mm,3,20.0,1e-05,2.0,1,1,20.478,1190.8981,5.890796e-05
mitigated,30mm,1,20.0,1e-05,2.0,1,1,20.006,951.5116,0.000108422
mitigated,30mm,2,20.0,1e-05,2.0,1,1,20.024,192.1718,0.0001784749
mitigated,30mm,3,20.0,1e-05,2.0,1,1,20.027,1034.7068,6.252122e-05
mitigated,50mm,1,20.0,1e-05,2.0,1,1,20.026,189.8896,0.0002398729
mitigated,50mm,2,20.0,1e-05,2.0,1,1,20.435,488.6133,5.885656e-05
mitigated,50mm,3,20.0,1e-05,2.0,1,1,20.013,191.0466,0.0002386815
