Freq,V(filterout)_mag_dB,V(filterout)_phase_deg,V(vin)_mag_dB,V(vin)_phase_deg
1.00000000000000e+01,3.84999599062926e-02,2.92316337680135e+01,-1.34102892199821e+01,2.92689663004613e+01
1.03526492384138e+01,1.10020372364994e-01,2.83963634748615e+01,-1.33387688048016e+01,2.84350125338143e+01
1.07177346253629e+01,1.77830706308241e-01,2.75762531137894e+01,-1.32709584676860e+01,2.76162651366271e+01
1.10956947206785e+01,2.42069519439622e-01,2.67717089882497e+01,-1.32067196508778e+01,2.68131320296201e+01
1.14869835499704e+01,3.02875848056221e-01,2.59830772424798e+01,-1.31459133188012e+01,2.60259610597161e+01
1.18920711500272e+01,3.60388527184430e-01,2.52106457767088e+01,-1.30884006357356e+01,2.52550418916547e+01
1.23114441334492e+01,4.14745569448584e-01,2.44546464779072e+01,-1.30340435893066e+01,2.45006082168544e+01
1.27456062731926e+01,4.66083596795083e-01,2.37152576476777e+01,-1.29827055575781e+01,2.37628402247782e+01
1.31950791077290e+01,5.14537330817807e-01,2.29926067132098e+01,-1.29342518186683e+01,2.30418672837735e+01
1.36604025675440e+01,5.60239141730835e-01,2.22867730341638e+01,-1.28885500028427e+01,2.23377707809680e+01
1.41421356237310e+01,6.03318651033236e-01,2.15977908978935e+01,-1.28454704879247e+01,2.16505870741178e+01
1.46408569594563e+01,6.43902393607291e-01,2.09256524834613e+01,-1.28048867396299e+01,2.09803105121339e+01
1.51571656651040e+01,6.82113527715910e-01,2.02703109432717e+01,-1.27666755990510e+01,2.03268964851845e+01
1.56916819579350e+01,7.18071600061108e-01,1.96316834435462e+01,-1.27307175200167e+01,1.96902644696229e+01
1.62450479271247e+01,7.51892353483435e-01,1.90096541570301e+01,-1.26968967594249e+01,1.90703010374025e+01
1.68179283050743e+01,7.83687581045857e-01,1.84040772157672e+01,-1.26651015239099e+01,1.84668628039776e+01
1.74110112659225e+01,8.13565020304547e-01,1.78147795752699e+01,-1.26352240763693e+01,1.78797792928803e+01
1.80250092522166e+01,8.41628281860428e-01,1.72415637709993e+01,-1.26071608059504e+01,1.73088556991236e+01
1.86606598307362e+01,8.67976813250116e-01,1.66842105645536e+01,-1.25808122651010e+01,1.67538755372652e+01
1.93187265784969e+01,8.92705890777014e-01,1.61424814623749e+01,-1.25560831772243e+01,1.62146031633374e+01
2.00000000000000e+01,9.15906638685942e-01,1.56161210959847e+01,-1.25328824183720e+01,1.56907861628875e+01
2.07052984768276e+01,9.37666069098698e-01,1.51048594734970e+01,-1.25111229762556e+01,1.51821576000709e+01
2.14354692507259e+01,9.58067143034803e-01,1.46084140867226e+01,-1.24907218896784e+01,1.46884381251008e+01
2.21913894413569e+01,9.77188847944913e-01,1.41264918586034e+01,-1.24716001712911e+01,1.42093379393937e+01
2.29739670999407e+01,9.95106288420226e-01,1.36587909795013e+01,-1.24536827163572e+01,1.37445586194746e+01
2.37841423000545e+01,1.01189078930959e+00,1.32050025727661e+01,-1.24368981999985e+01,1.32937948021416e+01
2.46228882668984e+01,1.02761000747767e+00,1.27648122527387e+01,-1.24211789651658e+01,1.28567357345633e+01
2.54912125463853e+01,1.04232805149322e+00,1.23379015386039e+01,-1.24064609033632e+01,1.24330666939117e+01
2.63901582154579e+01,1.05610560579987e+00,1.19239491324549e+01,-1.23926833299424e+01,1.20224702818538e+01
2.73208051350880e+01,1.06900005971080e+00,1.15226321110367e+01,-1.23797888555789e+01,1.16246275997538e+01
2.82842712474620e+01,1.08106563803078e+00,1.11336269596943e+01,-1.23677232553513e+01,1.12392193108042e+01
2.92817139189126e+01,1.09235353320574e+00,1.07566105368235e+01,-1.23564353366644e+01,1.08659265955287e+01
3.03143313302080e+01,1.10291203756007e+00,1.03912609262473e+01,-1.23458768070890e+01,1.05044320072072e+01
3.13833639158701e+01,1.11278667457825e+00,1.00372581823559e+01,-1.23360021430403e+01,1.01544202337806e+01
3.24900958542495e+01,1.12202032864997e+00,9.69428501266309e+00,-1.23267684600734e+01,9.81557877271433e+00
3.36358566101487e+01,1.13065337228698e+00,9.36202734848032e+00,-1.23181353854501e+01,9.48759852516454e+00
3.48220225318451e+01,1.13872379094405e+00,9.04017488019967e+00,-1.23100649335167e+01,9.17017431559413e+00
3.60500185044333e+01,1.14626730451264e+00,8.72842148749499e+00,-1.23025213843290e+01,8.86300534275461e+00
3.73213196614724e+01,1.15331748479211e+00,8.42646562194889e+00,-1.22954711658721e+01,8.56579556768910e+00
3.86374531569939e+01,1.15990586956789e+00,8.13401063904859e+00,-1.22888827401411e+01,8.27825404412912e+00
4.00000000000001e+01,1.16606207259241e+00,7.85076505950080e+00,-1.22827264932817e+01,8.00009519636356e+00
4.14105969536552e+01,1.17181388894061e+00,7.57644279418809e+00,-1.22769746299246e+01,7.73103904935746e+00
4.28709385014519e+01,1.17718739668887e+00,7.31076333491043e+00,-1.22716010717990e+01,7.47081141559559e+00
4.43827788827139e+01,1.18220705380989e+00,7.05345187848215e+00,-1.22665813606643e+01,7.21914404282665e+00
4.59479341998816e+01,1.18689579104431e+00,6.80423944049278e+00,-1.22618925655596e+01,6.97577472659077e+00
4.75682846001090e+01,1.19127510023721e+00,6.56286292546680e+00,-1.22575131943402e+01,6.74044739112805e+00
4.92457765337968e+01,1.19536511864234e+00,6.32906517308734e+00,-1.22534231094418e+01,6.51291214199254e+00
5.09824250927707e+01,1.19918470905564e+00,6.10259497522433e+00,-1.22496034477942e+01,6.29292529343413e+00
5.27803164309160e+01,1.20275153568147e+00,5.88320707021269e+00,-1.22460365447828e+01,6.08024937336203e+00
5.46416102701760e+01,1.20608213648676e+00,5.67066212190775e+00,-1.22427058621489e+01,5.87465310846881e+00
5.65685424949240e+01,1.20919199119513e+00,5.46472667890349e+00,-1.22395959197029e+01,5.67591139187255e+00
5.85634278378252e+01,1.21209558616260e+00,5.26517310823720e+00,-1.22366922307202e+01,5.48380523542762e+00
6.06286626604162e+01,1.21480647524512e+00,5.07177953524735e+00,-1.22339812408816e+01,5.29812170866134e+00
6.27667278317403e+01,1.21733733750116e+00,4.88432975248218e+00,-1.22314502706171e+01,5.11865386611370e+00
6.49801917084991e+01,1.21970003165278e+00,4.70261312718816e+00,-1.22290874607098e+01,4.94520066469079e+00
6.72717132202974e+01,1.22190564729337e+00,4.52642450318925e+00,-1.22268817210167e+01,4.77756687248803e+00
6.96440450636902e+01,1.22396455318461e+00,4.35556408278795e+00,-1.22248226821611e+01,4.61556297039726e+00
7.21000370088667e+01,1.22588644278347e+00,4.18983731727826e+00,-1.22229006500576e+01,4.45900504768070e+00
7.46426393229449e+01,1.22768037698034e+00,4.02905478101585e+00,-1.22211065631282e+01,4.30771469257451e+00
7.72749063139880e+01,1.22935482432846e+00,3.87303204457977e+00,-1.22194319520752e+01,4.16151887887473e+00
8.00000000000004e+01,1.23091769888865e+00,3.72158954643207e+00,-1.22178689020769e+01,4.02024984935745e+00
8.28211939073106e+01,1.23237639565389e+00,3.57455245899347e+00,-1.22164100172796e+01,3.88374499679316e+00
8.57418770029039e+01,1.23373782393070e+00,3.43175055130098e+00,-1.22150483874601e+01,3.75184674323165e+00
8.87655577654280e+01,1.23500843865327e+00,3.29301805512509e+00,-1.22137775567406e+01,3.62440241815724e+00
9.18958683997633e+01,1.23619426965259e+00,3.15819352495594e+00,-1.22125914942411e+01,3.50126413604536e+00
9.51365692002181e+01,1.23730094921460e+00,3.02711970000855e+00,-1.22114845665595e+01,3.38228867378835e+00
9.84915530675938e+01,1.23833373787419e+00,2.89964336332117e+00,-1.22104515119740e+01,3.26733734840178e+00
1.01964850185541e+02,1.23929754856642e+00,2.77561520559222e+00,-1.22094874162688e+01,3.15627589537119e+00
1.05560632861832e+02,1.24019696928342e+00,2.65488968255646e+00,-1.22085876900863e+01,3.04897434795260e+00
1.09283220540352e+02,1.24103628425657e+00,2.53732488063584e+00,-1.22077480477169e+01,2.94530691769872e+00
1.13137084989848e+02,1.24181949384614e+00,2.42278237776157e+00,-1.22069644872384e+01,2.84515187644485e+00
1.17126855675651e+02,1.24255033307832e+00,2.31112710575766e+00,-1.22062332719259e+01,2.74839143995472e+00
1.21257325320832e+02,1.24323228908624e+00,2.20222721795564e+00,-1.22055509128521e+01,2.65491165339654e+00
1.25533455663481e+02,1.24386861733194e+00,2.09595395234849e+00,-1.22049141526074e+01,2.56460227879192e+00
1.29960383416998e+02,1.24446235686331e+00,1.99218150075898e+00,-1.22043199500698e+01,2.47735668455630e+00
1.34543426440595e+02,1.24501634453794e+00,1.89078687716316e+00,-1.22037654661595e+01,2.39307173722792e+00
1.39288090127381e+02,1.24553322832749e+00,1.79164978606844e+00,-1.22032480505160e+01,2.31164769546288e+00
1.44200074017734e+02,1.24601547977190e+00,1.69465249654901e+00,-1.22027652290421e+01,2.23298810635681e+00
1.49285278645890e+02,1.24646540561536e+00,1.59967971530301e+00,-1.22023146922574e+01,2.15699970413839e+00
1.54549812627976e+02,1.24688515867099e+00,1.50661845889860e+00,-1.22018942844121e+01,2.08359231126650e+00
1.60000000000001e+02,1.24727674798320e+00,1.41535793253596e+00,-1.22015019933119e+01,2.01267874195094e+00
1.65642387814621e+02,1.24764204832875e+00,1.32578940599800e+00,-1.22011359408088e+01,1.94417470810613e+00
1.71483754005808e+02,1.24798280907840e+00,1.23780609220240e+00,-1.22007943739156e+01,1.87799872773792e+00
1.77531115530856e+02,1.24830066248561e+00,1.15130303115534e+00,-1.22004756565031e+01,1.81407203575595e+00
1.83791736799527e+02,1.24859713142821e+00,1.06617696655311e+00,-1.22001782615438e+01,1.75231849719656e+00
1.90273138400437e+02,1.24887363662362e+00,9.82326232768562e-01,-1.21999007638653e+01,1.69266452283547e+00
1.96983106135188e+02,1.24913150338912e+00,8.99650637673414e-01,-1.21996418333823e+01,1.63503898716421e+00
2.03929700371083e+02,1.24937196793209e+00,8.18051347269765e-01,-1.21994002287739e+01,1.57937314869964e+00
2.11121265723664e+02,1.24959618323375e+00,7.37430774141524e-01,-1.21991747915795e+01,1.52560057259231e+00
2.18566441080705e+02,1.24980522453383e+00,6.57692462648658e-01,-1.21989644406839e+01,1.47365705549584e+00
2.26274169979697e+02,1.25000009445815e+00,5.78740979340490e-01,-1.21987681671685e+01,1.42348055265736e+00
2.34253711351302e+02,1.25018172778961e+00,5.00481800056595e-01,-1.21985850295021e+01,1.37501110718623e+00
2.42514650641665e+02,1.25035099593173e+00,4.22821201600599e-01,-1.21984141490514e+01,1.32819078145696e+00
2.51066911326962e+02,1.25050871106247e+00,3.45666151218086e-01,-1.21982547058885e+01,1.28296359060048e+00
2.59920766833997e+02,1.25065563001030e+00,2.68924197908247e-01,-1.21981059348772e+01,1.23927543803719e+00
2.69086852881191e+02,1.25079245787207e+00,1.92503363826162e-01,-1.21979671220187e+01,1.19707405300399e+00
2.78576180254762e+02,1.25091985137885e+00,1.16312035938265e-01,-1.21978376010399e+01,1.15630893002739e+00
2.88400148035468e+02,1.25103842203588e+00,4.02588584885111e-02,-1.21977167502095e+01,1.11693127029420e+00
2.98570557291781e+02,1.25114873904479e+00,-3.57473755769991e-02,-1.21976039893643e+01,1.07889392487132e+00
3.09099625255953e+02,1.25125133202845e+00,-1.11797832400145e-01,-1.21974987771347e+01,1.04215133972623e+00
3.20000000000002e+02,1.25134669356162e+00,-1.87983744788433e-01,-1.21974006083543e+01,1.00665950249987e+00
3.31284775629243e+02,1.25143528153143e+00,-2.64396520901866e-01,-1.21973090116420e+01,9.72375890984239e-01
3.42967508011616e+02,1.25151752132607e+00,-3.41127852432022e-01,-1.21972235471449e+01,9.39259423257138e-01
3.55062231061713e+02,1.25159380787509e+00,-4.18269824606247e-01,-1.21971438044325e+01,9.07270409427307e-01
3.67583473599054e+02,1.25166450753858e+00,-4.95915025025505e-01,-1.21970694005303e+01,8.76370504943830e-01
3.80546276800874e+02,1.25172995986140e+00,-5.74156653849270e-01,-1.21969999780851e+01,8.46522665424284e-01
3.93966212270376e+02,1.25179047920262e+00,-6.53088635756137e-01,-1.21969352036525e+01,8.17691102956992e-01
4.07859400742167e+02,1.25184635623923e+00,-7.32805731445146e-01,-1.21968747660983e+01,7.89841243833527e-01
4.22242531447330e+02,1.25189785936242e+00,-8.13403651370333e-01,-1.21968183751078e+01,7.62939687668485e-01
4.37132882161410e+02,1.25194523596062e+00,-8.94979169717593e-01,-1.21967657597927e+01,7.36954167864447e-01
4.52548339959394e+02,1.25198871360864e+00,-9.77630240305065e-01,-1.21967166673930e+01,7.11853513380974e-01
4.68507422702604e+02,1.25202850115592e+00,-1.06145611431792e+00,-1.21966708620638e+01,6.87607611767422e-01
4.85029301283332e+02,1.25206478973039e+00,-1.14655745822163e+00,-1.21966281237448e+01,6.64187373420319e-01
5.02133822653925e+02,1.25209775365431e+00,-1.23303647504922e+00,-1.21965882471037e+01,6.41564697027006e-01
5.19841533667995e+02,1.25212755127923e+00,-1.32099702694029e+00,-1.21965510405518e+01,6.19712436158224e-01
5.38173705762382e+02,1.25215432574687e+00,-1.41054475939547e+00,-1.21965163253238e+01,5.98604366973277e-01
5.57152360509524e+02,1.25217820567461e+00,-1.50178722783488e+00,-1.21964839346205e+01,5.78215157002388e-01
5.76800296070936e+02,1.25219930577257e+00,-1.59483402733384e+00,-1.21964537128078e+01,5.58520334971804e-01
5.97141114583562e+02,1.25221772739441e+00,-1.68979692317636e+00,-1.21964255146698e+01,5.39496261638169e-01
6.18199250511907e+02,1.25223355902166e+00,-1.78678998620734e+00,-1.21963992047117e+01,5.21120101599627e-01
6.40000000000006e+02,1.25224687668941e+00,-1.88592972863306e+00,-1.21963746565089e+01,5.03369796052026e-01
6.62569551258488e+02,1.25225774434943e+00,-1.98733524494689e+00,-1.21963517521007e+01,4.86224036459522e-01
6.85935016023234e+02,1.25226621417737e+00,-2.09112835442380e+00,-1.21963303814232e+01,4.69662239109796e-01
7.10124462123427e+02,1.25227232682196e+00,-2.19743374749525e+00,-1.21963104417812e+01,4.53664520524933e-01
7.35166947198109e+02,1.25227611159888e+00,-2.30637913632075e+00,-1.21962918373548e+01,4.38211673699935e-01
7.61092553601749e+02,1.25227758663138e+00,-2.41809540741450e+00,-1.21962744787393e+01,4.23285145141645e-01
7.87932424540754e+02,1.25227675893474e+00,-2.53271677962466e+00,-1.21962582825158e+01,4.08867012681706e-01
8.15718801484336e+02,1.25227362444975e+00,-2.65038096559759e+00,-1.21962431708504e+01,3.94939964037992e-01
8.44485062894661e+02,1.25226816802126e+00,-2.77122933707377e+00,-1.21962290711206e+01,3.81487276099734e-01
8.74265764322822e+02,1.25226036332310e+00,-2.89540709521799e+00,-1.21962159155663e+01,3.68492794912338e-01
9.05096679918790e+02,1.25225017273055e+00,-3.02306344545306e+00,-1.21962036409641e+01,3.55940916338644e-01
9.37014845405209e+02,1.25223754713648e+00,-3.15435177710429e+00,-1.21961921883241e+01,3.43816567374124e-01
9.70058602566664e+02,1.25222242571353e+00,-3.28942984782400e+00,-1.21961815026058e+01,3.32105188094197e-01
1.00426764530785e+03,1.25220473561857e+00,-3.42845997400142e+00,-1.21961715324544e+01,3.20792714212580e-01
1.03968306733599e+03,1.25218439163954e+00,-3.57160922602384e+00,-1.21961622299536e+01,3.09865560230234e-01
1.07634741152477e+03,1.25216129578260e+00,-3.71904962987134e+00,-1.21961535503954e+01,2.99310603155143e-01
1.11430472101905e+03,1.25213533679656e+00,-3.87095837419173e+00,-1.21961454520657e+01,2.89115166773780e-01
1.15360059214187e+03,1.25210638963409e+00,-4.02751802417437e+00,-1.21961378960432e+01,2.79267006455778e-01
1.19428222916713e+03,1.25207431484472e+00,-4.18891674180919e+00,-1.21961308460131e+01,2.69754294473868e-01
1.23639850102382e+03,1.25203895789906e+00,-4.35534851278427e+00,-1.21961242680921e+01,2.60565605821781e-01
1.28000000000001e+03,1.25200014843854e+00,-4.52701338067746e+00,-1.21961181306658e+01,2.51689904513358e-01
1.32513910251698e+03,1.25195769944908e+00,-4.70411768862593e+00,-1.21961124042368e+01,2.43116530346646e-01
1.37187003204647e+03,1.25191140635274e+00,-4.88687432858313e+00,-1.21961070612828e+01,2.34835186117338e-01
1.42024892424686e+03,1.25186104601364e+00,-5.07550299843446e+00,-1.21961020761245e+01,2.26835925266368e-01
1.47033389439622e+03,1.25180637565372e+00,-5.27023046789793e+00,-1.21960974248022e+01,2.19109139947043e-01
1.52218510720350e+03,1.25174713167188e+00,-5.47129085281410e+00,-1.21960930849605e+01,2.11645549497515e-01
1.57586484908151e+03,1.25168302836091e+00,-5.67892589835605e+00,-1.21960890357411e+01,2.04436189304917e-01
1.63143760296867e+03,1.25161375651568e+00,-5.89338527201545e+00,-1.21960852576824e+01,1.97472400047911e-01
1.68897012578932e+03,1.25153898192632e+00,-6.11492686610225e+00,-1.21960817326261e+01,1.90745817304852e-01
1.74853152864565e+03,1.25145834374724e+00,-6.34381711039793e+00,-1.21960784436296e+01,1.84248361515195e-01
1.81019335983758e+03,1.25137145273546e+00,-6.58033129563527e+00,-1.21960753748852e+01,1.77972228282181e-01
1.87402969081042e+03,1.25127788934698e+00,-6.82475390767812e+00,-1.21960725116434e+01,1.71909879005250e-01
1.94011720513333e+03,1.25117720168454e+00,-7.07737897341796e+00,-1.21960698401427e+01,1.66054031831007e-01
2.00853529061570e+03,1.25106890328272e+00,-7.33851041823588e+00,-1.21960673475429e+01,1.60397652911934e-01
2.07936613467199e+03,1.25095247072181e+00,-7.60846243628699e+00,-1.21960650218637e+01,1.54933947962430e-01
2.15269482304953e+03,1.25082734105619e+00,-7.88755987333738e+00,-1.21960628519273e+01,1.49656354102080e-01
2.22860944203810e+03,1.25069290904505e+00,-8.17613862300780e+00,-1.21960608273039e+01,1.44558531976417e-01
2.30720118428375e+03,1.25054852416965e+00,-8.47454603720294e+00,-1.21960589382628e+01,1.39634358145755e-01
2.38856445833426e+03,1.25039348742256e+00,-8.78314135071262e+00,-1.21960571757242e+01,1.34877917732994e-01
2.47279700204763e+03,1.25022704785146e+00,-9.10229612130117e+00,-1.21960555312170e+01,1.30283497321610e-01
2.56000000000003e+03,1.25004839883805e+00,-9.43239468500719e+00,-1.21960539968370e+01,1.25845578095324e-01
2.65027820503396e+03,1.24985667409404e+00,-9.77383462834327e+00,-1.21960525652093e+01,1.21558829211250e-01
2.74374006409294e+03,1.24965094335070e+00,-1.01270272771863e+01,-1.21960512294530e+01,1.17418101398580e-01
2.84049784849372e+03,1.24943020771888e+00,-1.04923982035101e+01,-1.21960499831479e+01,1.13418420775159e-01
2.94066778879245e+03,1.24919339469495e+00,-1.08703877506390e+01,-1.21960488203039e+01,1.09554982874520e-01
3.04437021440700e+03,1.24893935278362e+00,-1.12614515777255e+01,-1.21960477353317e+01,1.05823146876252e-01
3.15172969816303e+03,1.24866684570831e+00,-1.16660612244349e+01,-1.21960467230166e+01,1.02218430032770e-01
3.26287520593735e+03,1.24837454617619e+00,-1.20847046964020e+01,-1.21960457784931e+01,9.87365022858132e-02
3.37794025157865e+03,1.24806102916203e+00,-1.25178870727556e+01,-1.21960448972212e+01,9.53731810662311e-02
3.49706305729130e+03,1.24772476467252e+00,-1.29661311363359e+01,-1.21960440749654e+01,9.21244262708047e-02
3.62038671967517e+03,1.24736410994861e+00,-1.34299780278170e+01,-1.21960433077734e+01,8.89863354100992e-02
3.74805938162085e+03,1.24697730105984e+00,-1.39099879246845e+01,-1.21960425919579e+01,8.59551389215204e-02
3.88023441026667e+03,1.24656244384116e+00,-1.44067407462696e+01,-1.21960419240782e+01,8.30271956419580e-02
4.01707058123142e+03,1.24611750411553e+00,-1.49208368859871e+01,-1.21960413009244e+01,8.01989884345869e-02
4.15873226934398e+03,1.24564029714545e+00,-1.54528979720892e+01,-1.21960407195013e+01,7.74671199645797e-02
4.30538964609908e+03,1.24512847624495e+00,-1.60035676581282e+01,-1.21960401770142e+01,7.48283086186643e-02
4.45721888407621e+03,1.24457952048194e+00,-1.65735124447845e+01,-1.21960396708558e+01,7.22793845636323e-02
4.61440236856751e+03,1.24399072139193e+00,-1.71634225343451e+01,-1.21960391985933e+01,6.98172859390678e-02
4.77712891666852e+03,1.24335916861703e+00,-1.77740127195526e+01,-1.21960387579567e+01,6.74390551797298e-02
4.94559400409528e+03,1.24268173437473e+00,-1.84060233084253e+01,-1.21960383468282e+01,6.51418354631753e-02
5.12000000000007e+03,1.24195505665284e+00,-1.90602210870251e+01,-1.21960379632318e+01,6.29228672783593e-02
5.30055641006792e+03,1.24117552101680e+00,-1.97374003219996e+01,-1.21960376053236e+01,6.07794851110943e-02
5.48748012818590e+03,1.24033924090047e+00,-2.04383838048820e+01,-1.21960372713834e+01,5.87091142423917e-02
5.68099569698745e+03,1.23944203624340e+00,-2.11640239406085e+01,-1.21960369598061e+01,5.67092676558415e-02
5.88133557758490e+03,1.23847941031949e+00,-2.19152038822909e+01,-1.21960366690943e+01,5.47775430503180e-02
6.08874042881402e+03,1.23744652458648e+00,-2.26928387151707e+01,-1.21960363978505e+01,5.29116199544272e-02
6.30345939632606e+03,1.23633817136843e+00,-2.34978766920414e+01,-1.21960361447711e+01,5.11092569392300e-02
6.52575041187471e+03,1.23514874416122e+00,-2.43313005234380e+01,-1.21960359086397e+01,4.93682889258964e-02
6.75588050315731e+03,1.23387220533035e+00,-2.51941287254647e+01,-1.21960356883212e+01,4.76866245850577e-02
6.99412611458260e+03,1.23250205094177e+00,-2.60874170287876e+01,-1.21960354827568e+01,4.60622438247354e-02
7.24077343935035e+03,1.23103127244060e+00,-2.70122598523430e+01,-1.21960352909585e+01,4.44931953638289e-02
7.49611876324171e+03,1.22945231485724e+00,-2.79697918457248e+01,-1.21960351120043e+01,4.29775943882508e-02
7.76046882053335e+03,1.22775703118537e+00,-2.89611895044696e+01,-1.21960349450341e+01,4.15136202868941e-02
8.03414116246284e+03,1.22593663253438e+00,-2.99876728627704e+01,-1.21960347892454e+01,4.00995144647120e-02
8.31746453868797e+03,1.22398163361173e+00,-3.10505072685825e+01,-1.21960346438894e+01,3.87335782302870e-02
8.61077929219816e+03,1.22188179303881e+00,-3.21510052464526e+01,-1.21960345082674e+01,3.74141707553496e-02
8.91443776815244e+03,1.21962604794140e+00,-3.32905284538331e+01,-1.21960343817277e+01,3.61397071037983e-02
9.22880473713504e+03,1.21720244219267e+00,-3.44704897371415e+01,-1.21960342636619e+01,3.49086563278532e-02
9.55425783333705e+03,1.21459804760523e+00,-3.56923552943862e+01,-1.21960341535026e+01,3.37195396290573e-02
9.89118800819057e+03,1.21179887728300e+00,-3.69576469516473e+01,-1.21960340507204e+01,3.25709285819161e-02
1.02400000000002e+04,1.20878979024657e+00,-3.82679445614354e+01,-1.21960339548212e+01,3.14614434180438e-02
1.06011128201359e+04,1.20555438632995e+00,-3.96248885316321e+01,-1.21960338653441e+01,3.03897513687536e-02
1.09749602563718e+04,1.20207489021860e+00,-4.10301824944352e+01,-1.21960337818590e+01,2.93545650641027e-02
1.13619913939749e+04,1.19833202335498e+00,-4.24855961255318e+01,-1.21960337039646e+01,2.83546409864696e-02
1.17626711551698e+04,1.19430486226547e+00,-4.39929681246035e+01,-1.21960336312866e+01,2.73887779768047e-02
1.21774808576281e+04,1.18997068167607e+00,-4.55542093695369e+01,-1.21960335634756e+01,2.64558157917626e-02
1.26069187926521e+04,1.18530478056167e+00,-4.71713062572485e+01,-1.21960335002057e+01,2.55546337099802e-02
1.30515008237494e+04,1.18028028902433e+00,-4.88463242457314e+01,-1.21960334411728e+01,2.46841491858299e-02
1.35117610063146e+04,1.17486795360582e+00,-5.05814116129155e+01,-1.21960333860932e+01,2.38433165490284e-02
1.39882522291652e+04,1.16903589831039e+00,-5.23788034494440e+01,-1.21960333347020e+01,2.30311257485400e-02
1.44815468787007e+04,1.16274935822758e+00,-5.42408259039347e+01,-1.21960332867524e+01,2.22466011392666e-02
1.49922375264834e+04,1.15597038220819e+00,-5.61699007010238e+01,-1.21960332420138e+01,2.14888003100658e-02
1.55209376410667e+04,1.14865750053233e+00,-5.81685499542032e+01,-1.21960332002713e+01,2.07568129516898e-02
1.60682823249257e+04,1.14076535292102e+00,-6.02394012975078e+01,-1.21960331613241e+01,2.00497597632861e-02
1.66349290773760e+04,1.13224427155577e+00,-6.23851933620690e+01,-1.21960331249851e+01,1.93667913961455e-02
1.72215585843964e+04,1.12303981297554e+00,-6.46087816260369e+01,-1.21960330910796e+01,1.87070874334289e-02
1.78288755363049e+04,1.11309223179178e+00,-6.69131446685313e+01,-1.21960330594446e+01,1.80698554046486e-02
1.84576094742701e+04,1.10233588808066e+00,-6.93013908610620e+01,-1.21960330299282e+01,1.74543298337179e-02
1.91085156666741e+04,1.09069857904602e+00,-7.17767655325284e+01,-1.21960330023884e+01,1.68597713194289e-02
1.97823760163812e+04,1.07810078406375e+00,-7.43426586466836e+01,-1.21960329766928e+01,1.62854656472501e-02
2.04800000000003e+04,1.06445481047544e+00,-7.70026130339827e+01,-1.21960329527180e+01,1.57307229313808e-02
2.12022256402718e+04,1.04966382545293e+00,-7.97603332227350e+01,-1.21960329303487e+01,1.51948767860283e-02
2.19499205127437e+04,1.03362075683238e+00,-8.26196949173705e+01,-1.21960329094774e+01,1.46772835249153e-02
2.27239827879498e+04,1.01620704295970e+00,-8.55847551745842e+01,-1.21960328900038e+01,1.41773213880539e-02
2.35253423103397e+04,9.97291208189989e-01,-8.86597633307933e+01,-1.21960328718343e+01,1.36943897948585e-02
2.43549617152561e+04,9.76727236640598e-01,-9.18491727364871e+01,-1.21960328548816e+01,1.32279086227003e-02
2.52138375853043e+04,9.54352711958677e-01,-9.51576533548246e+01,-1.21960328390641e+01,1.27773175100360e-02
2.61030016474989e+04,9.29986685048721e-01,-9.85901052824474e+01,-1.21960328243059e+01,1.23420751832754e-02
2.70235220126293e+04,9.03427224670070e-01,-1.02151673249858e+02,-1.21960328105359e+01,1.19216588065768e-02
2.79765044583305e+04,8.74448597249336e-01,-1.05847762156164e+02,-1.21960327976882e+01,1.15155633537917e-02
2.89630937574015e+04,8.42798011728740e-01,-1.09684053687347e+02,-1.21960327857008e+01,1.11233010018025e-02
2.99844750529669e+04,8.08191852237588e-01,-1.13666524057565e+02,-1.21960327745161e+01,1.07444005445255e-02
3.10418752821335e+04,7.70311305050454e-01,-1.17801462896587e+02,-1.21960327640805e+01,1.03784068268753e-02
3.21365646498515e+04,7.28797265665418e-01,-1.22095493280143e+02,-1.21960327543437e+01,1.00248801980094e-02
3.32698581547520e+04,6.83244385496779e-01,-1.26555592857780e+02,-1.21960327452589e+01,9.68339598319807e-03
3.44431171687928e+04,6.33194083783270e-01,-1.31189115965309e+02,-1.21960327367825e+01,9.35354397368380e-03
3.56577510726099e+04,5.78126306461336e-01,-1.36003816500882e+02,-1.21960327288738e+01,9.03492793391800e-03
3.69152189485403e+04,5.17449756924615e-01,-1.41007871170151e+02,-1.21960327214947e+01,8.72716512558291e-03
3.82170313333483e+04,4.50490250234756e-01,-1.46209902427426e+02,-1.21960327146097e+01,8.42988584782699e-03
3.95647520327624e+04,3.76476748705540e-01,-1.51618999994060e+02,-1.21960327081858e+01,8.14273299316158e-03
4.09600000000007e+04,2.94524519777399e-01,-1.57244739127103e+02,-1.21960327021921e+01,7.86536161848526e-03
4.24044512805436e+04,2.03614716193269e-01,-1.63097192697850e+02,-1.21960326965998e+01,7.59743853072059e-03
4.38998410254874e+04,1.02569519209333e-01,-1.69186932414502e+02,-1.21960326913820e+01,7.33864188656564e-03
4.54479655758998e+04,-9.97817421486393e-03,-1.75525011899512e+02,-1.21960326865136e+01,7.08866080587933e-03
4.70506846206794e+04,-1.35621659123247e-01,1.77877079562220e+02,-1.21960326819712e+01,6.84719499823627e-03
4.87099234305124e+04,-2.76225064892458e-01,1.71007509392284e+02,-1.21960326777330e+01,6.61395440220250e-03
5.04276751706087e+04,-4.33976613893471e-01,1.63854264731993e+02,-1.21960326737787e+01,6.38865883689876e-03
5.22060032949979e+04,-6.11450633088102e-01,1.56405420720171e+02,-1.21960326700891e+01,6.17103766543277e-03
5.40470440252588e+04,-8.11676881341051e-01,1.48649560725469e+02,-1.21960326666466e+01,5.96082946979625e-03
5.59530089166611e+04,-1.03821289498491e+00,1.40576407619206e+02,-1.21960326634347e+01,5.75778173683606e-03
5.79261875148031e+04,-1.29521039505031e+00,1.32177733958005e+02,-1.21960326604378e+01,5.56165055492237e-03
5.99689501059340e+04,-1.58745996988568e+00,1.23448616676309e+02,-1.21960326576417e+01,5.37220032094935e-03
6.20837505642671e+04,-1.92038943420777e+00,1.14389076828985e+02,-1.21960326550328e+01,5.18920345731647e-03
6.42731292997030e+04,-2.29998190440190e+00,1.05006082099269e+02,-1.21960326525986e+01,5.01244013855050e-03
6.65397163095041e+04,-2.73257320989335e+00,9.53157762890064e+01,-1.21960326503274e+01,4.84169802723970e-03
6.88862343375856e+04,-3.22449067554754e+00,8.53456367944693e+01,-1.21960326482083e+01,4.67677201896306e-03
7.13155021452199e+04,-3.78151361568666e+00,7.51360800340599e+01,-1.21960326462311e+01,4.51746399590821e-03
7.38304378970806e+04,-4.40817428753599e+00,6.47409111168909e+01,-1.21960326443863e+01,4.36358258888194e-03
7.64340626666967e+04,-5.10697159385533e+00,5.42260535952143e+01,-1.21960326426651e+01,4.21494294742756e-03
7.91295040655249e+04,-5.87761975406417e+00,4.36662794142197e+01,-1.21960326410591e+01,4.07136651777285e-03
8.19200000000016e+04,-6.71647198307554e+00,3.31401628362694e+01,-1.21960326395607e+01,3.93268082834199e-03
8.48089025610873e+04,-7.61622246240245e+00,2.27240285929604e+01,-1.21960326381626e+01,3.79871928257360e-03
8.77996820509749e+04,-8.56590085192286e+00,1.24859916562198e+01,-1.21960326368581e+01,3.66932095879632e-03
9.08959311517997e+04,-9.55106322525556e+00,2.48110788151304e+00,-1.21960326356410e+01,3.54433041692121e-03
9.41013692413590e+04,-1.05539915692180e+01,-7.25180845737207e+00,-1.21960326345055e+01,3.42359751171901e-03
9.74198468610249e+04,-1.15536599607251e+01,-1.66917933154370e+01,-1.21960326334459e+01,3.30697721245779e-03
1.00855350341218e+05,-1.25251897674912e+01,-2.58364856058026e+01,-1.21960326324573e+01,3.19432942868447e-03
1.04412006589996e+05,-1.34384400128182e+01,-3.47033046879139e+01,-1.21960326315349e+01,3.08551884194077e-03
1.08094088050518e+05,-1.42551577325319e+01,-4.33331074725963e+01,-1.21960326306743e+01,2.98041474321160e-03
1.11906017833322e+05,-1.49235343677079e+01,-5.18002211595830e+01,-1.21960326298713e+01,2.87889087591055e-03
1.15852375029606e+05,-1.53675233914546e+01,-6.02382285769677e+01,-1.21960326291221e+01,2.78082528421383e-03
1.19937900211868e+05,-1.54641278872866e+01,-6.89094953103321e+01,-1.21960326284231e+01,2.68610016656049e-03
1.24167501128534e+05,-1.49886512255977e+01,-7.84229347600783e+01,-1.21960326277708e+01,2.59460173414308e-03
1.28546258599406e+05,-1.34583397639155e+01,-9.06311025882776e+01,-1.21960326271623e+01,2.50622007421847e-03
1.33079432619008e+05,-9.66186041392370e+00,-1.14654976629281e+02,-1.21960326265945e+01,2.42084901807493e-03
1.37772468675171e+05,-7.71485831906147e+00,1.59321372053064e+02,-1.21960326260647e+01,2.33838601349667e-03
1.42631004290440e+05,-1.73292958000225e+01,1.11064030739269e+02,-1.21960326255704e+01,2.25873200157275e-03
1.47660875794162e+05,-2.42219016497282e+01,9.59614179404763e+01,-1.21960326251092e+01,2.18179129770228e-03
1.52868125333394e+05,-2.95538402156449e+01,8.68421551373268e+01,-1.21960326246789e+01,2.10747147665304e-03
1.58259008131050e+05,-3.40993813813616e+01,7.97699985305517e+01,-1.21960326242774e+01,2.03568326153543e-03
1.63840000000003e+05,-3.81818525806666e+01,7.37054187033972e+01,-1.21960326239028e+01,1.96634041655841e-03
1.69617805122175e+05,-4.19619702330520e+01,6.82567794151323e+01,-1.21960326235533e+01,1.89935964343846e-03
1.75599364101950e+05,-4.55304583875454e+01,6.32416027344016e+01,-1.21960326232272e+01,1.83466048133734e-03
1.81791862303600e+05,-4.89433159703410e+01,5.85616580827609e+01,-1.21960326229229e+01,1.77216521020830e-03
1.88202738482718e+05,-5.22374384685790e+01,5.41581253042755e+01,-1.21960326226390e+01,1.71179875743461e-03
1.94839693722050e+05,-5.54383675873662e+01,4.99927504123349e+01,-1.21960326223741e+01,1.65348860764846e-03
2.01710700682435e+05,-5.85644815231330e+01,4.60389562272367e+01,-1.21960326221270e+01,1.59716471562162e-03
2.08824013179992e+05,-6.16294185108238e+01,4.22772585165314e+01,-1.21960326218964e+01,1.54275942212343e-03
2.16188176101036e+05,-6.46435563830899e+01,3.86927272980320e+01,-1.21960326216812e+01,1.49020737264498e-03
2.23812035666645e+05,-6.76149567832977e+01,3.52734952238444e+01,-1.21960326214805e+01,1.43944543889184e-03
2.31704750059213e+05,-7.05499904902538e+01,3.20098361391685e+01,-1.21960326212932e+01,1.39041264295099e-03
2.39875800423737e+05,-7.34537648002363e+01,2.88935706729772e+01,-1.21960326211184e+01,1.34305008404097e-03
2.48335002257069e+05,-7.63304236546158e+01,2.59176679634483e+01,-1.21960326209554e+01,1.29730086775715e-03
2.57092517198813e+05,-7.91833634467957e+01,2.30759696925029e+01,-1.21960326208032e+01,1.25311003772714e-03
2.66158865238017e+05,-8.20153914659920e+01,2.03629930746956e+01,-1.21960326206613e+01,1.21042450959435e-03
2.75544937350343e+05,-8.48288444025179e+01,1.77737864173795e+01,-1.21960326205288e+01,1.16919300725023e-03
2.85262008580880e+05,-8.76256784692565e+01,1.53038206793168e+01,-1.21960326204053e+01,1.12936600123871e-03
2.95321751588323e+05,-9.04075389777063e+01,1.29489063156444e+01,-1.21960326202900e+01,1.09089564925880e-03
3.05736250666788e+05,-9.31758147953284e+01,1.07051283035611e+01,-1.21960326201824e+01,1.05373573869392e-03
3.16518016262100e+05,-9.59316815109072e+01,8.56879452306358e+00,-1.21960326200820e+01,1.01784163109884e-03
3.27680000000007e+05,-9.86761360516929e+01,6.53639414456423e+00,-1.21960326199883e+01,9.83170208577631e-04
3.39235610244350e+05,-1.01410024749731e+02,4.60456365513902e+00,-1.21960326199010e+01,9.49679821988186e-04
3.51198728203901e+05,-1.04134066331793e+02,2.77005881930420e+00,-1.21960326198194e+01,9.17330240911069e-04
3.63583724607200e+05,-1.06848870935218e+02,1.02973132970086e+00,-1.21960326197434e+01,8.86082605322608e-04
3.76405476965437e+05,-1.09554955983416e+02,-6.19490772847774e-01,-1.21960326196724e+01,8.55899378914194e-04
3.89679387444101e+05,-1.12252759558390e+02,-2.18061959765709e+00,-1.21960326196062e+01,8.26744304001677e-04
4.03421401364871e+05,-1.14942651762155e+02,-3.65662133870545e+00,-1.21960326195444e+01,7.98582357970732e-04
4.17648026359985e+05,-1.17624944449874e+02,-5.05042803733920e+00,-1.21960326194867e+01,7.71379711205844e-04
4.32376352202072e+05,-1.20299899634816e+02,-6.36494747093582e+00,-1.21960326194330e+01,7.45103686452388e-04
4.47624071333291e+05,-1.22967736801819e+02,-7.60307139427437e+00,-1.21960326193828e+01,7.19722719562990e-04
4.63409500118427e+05,-1.25628639316719e+02,-8.76768230678425e+00,-1.21960326193359e+01,6.95206321581005e-04
4.79751600847474e+05,-1.28282760080742e+02,-9.86165887863997e+00,-1.21960326192922e+01,6.71525042115576e-04
4.96670004514139e+05,-1.30930226548340e+02,-1.08878801390728e+01,-1.21960326192515e+01,6.48650433964272e-04
5.14185034397627e+05,-1.33571145202755e+02,-1.18492285091459e+01,-1.21960326192135e+01,6.26555018940805e-04
5.32317730476035e+05,-1.36205605564061e+02,-1.27485917471071e+01,-1.21960326191780e+01,6.05212254866784e-04
5.51089874700687e+05,-1.38833683788812e+02,-1.35888638660239e+01,-1.21960326191449e+01,5.84596503687850e-04
5.70524017161762e+05,-1.41455445907759e+02,-1.43729450797679e+01,-1.21960326191140e+01,5.64683000675894e-04
5.90643503176648e+05,-1.44070950737943e+02,-1.51037408336131e+01,-1.21960326190851e+01,5.45447824680359e-04
6.11472501333577e+05,-1.46680252497387e+02,-1.57841599790018e+01,-1.21960326190582e+01,5.26867869392887e-04
6.33036032524202e+05,-1.49283403144240e+02,-1.64171121575893e+01,-1.21960326190331e+01,5.08920815590810e-04
6.55360000000016e+05,-1.51880454457334e+02,-1.70055044668047e+01,-1.21960326190097e+01,4.91585104326118e-04
6.78471220488701e+05,-1.54471459871554e+02,-1.75522374870998e+01,-1.21960326189879e+01,4.74839911027712e-04
7.02397456407802e+05,-1.57056476078862e+02,-1.80602007591357e+01,-1.21960326189675e+01,4.58665120485833e-04
7.27167449214400e+05,-1.59635564404312e+02,-1.85322678067075e+01,-1.21960326189485e+01,4.43041302688611e-04
7.52810953930875e+05,-1.62208791965608e+02,-1.89712908076420e+01,-1.21960326189307e+01,4.27949689481707e-04
7.79358774888202e+05,-1.64776232624651e+02,-1.93800950197143e+01,-1.21960326189142e+01,4.13372152023018e-04
8.06842802729744e+05,-1.67337967739956e+02,-1.97614730714058e+01,-1.21960326188987e+01,3.99291179005356e-04
8.35296052719972e+05,-1.69894086729633e+02,-2.01181792277778e+01,-1.21960326188843e+01,3.85689855620938e-04
8.64752704404145e+05,-1.72444687455670e+02,-2.04529237396805e+01,-1.21960326188709e+01,3.72551843242431e-04
8.95248142666583e+05,-1.74989876441512e+02,-2.07683673799414e+01,-1.21960326188583e+01,3.59861359796128e-04
9.26819000236855e+05,-1.77529768936130e+02,-2.10671162631734e+01,-1.21960326188466e+01,3.47603160803690e-04
9.59503201694949e+05,-1.80064488838966e+02,-2.13517170365916e+01,-1.21960326188357e+01,3.35762521069674e-04
9.93340009028279e+05,-1.82594168501143e+02,-2.16246525180884e+01,-1.21960326188255e+01,3.24325216992848e-04
1.00000000000000e+06,-1.83081346828548e+02,-2.16761398308793e+01,-1.21960326188236e+01,3.22165213975822e-04